"","LncRNA","Disease","DOID","Synonyms"
"1","116HG","Prader-Willi syndrome","DOID:11983","N/A"
"2","1B FGF-antisense transcripts","endometriosis","DOID:289","N/A"
"3","51A","Alzheimer's disease","DOID:10652","N/A"
"9","RN7SK","cancer","DOID:162","7SK"
"14","RN7SL1","dermatomyositis","DOID:10223","7L1a; 7SL; RN7SL; RNSRP1"
"19","RN7SL1","polymyositis","DOID:10222","7L1a; 7SL; RN7SL; RNSRP1"
"21","ACTA2-AS1","lung adenocarcinoma","DOID:3910","ZXF1; uc001kfo.1"
"25","AK023948","papillary thyroid carcinoma","DOID:3969","N/A"
"29","Alu lncRNAs","macular degeneration","DOID:4448","N/A"
"30","CDKN2B-AS1","atherosclerosis","DOID:1936","ANRIL; CDKN2B-AS; CDKN2BAS; NCRNA00089; PCAT12; p15AS"
"32","CDKN2B-AS1","cancer","DOID:162","ANRIL; CDKN2B-AS; CDKN2BAS; NCRNA00089; PCAT12; p15AS"
"33","CDKN2B-AS1","periodontitis","DOID:824","ANRIL; CDKN2B-AS; CDKN2BAS; NCRNA00089; PCAT12; p15AS"
"34","CDKN2B-AS1","prostate cancer","DOID:10283","ANRIL; CDKN2B-AS; CDKN2BAS; NCRNA00089; PCAT12; p15AS"
"36","anti-NOS2A","meningioma","DOID:3565","N/A"
"38","FMR1-AS1","fragile X syndrome","DOID:14261","ASFMR1; FMR1-AS; FMR1AS; FMR4"
"39","ATP6V1G2-DDX39B","dilated cardiomyopathy","DOID:12930","N/A"
"50","BACE1-AS","Alzheimer's disease","DOID:10652","BACE1-AS1; BACE1AS; NCRNA00177"
"62","BACE1-AS","inclusion body myositis","DOID:3429","BACE1-AS1; BACE1AS; NCRNA00177"
"63","BANCR","melanoma","DOID:1909","LINC00586"
"66","BC040587","osteosarcoma","DOID:3347","N/A"
"67","BCAR4","breast cancer","DOID:1612","N/A"
"72","BCYRN1","Alzheimer's disease","DOID:10652","BC200; BC200a; LINC00004; NCRNA00004"
"75","BCYRN1","breast cancer","DOID:1612","BC200; BC200a; LINC00004; NCRNA00004"
"77","BCYRN1","cervical cancer","DOID:4362","BC200; BC200a; LINC00004; NCRNA00004"
"78","BCYRN1","lung cancer","DOID:1324","BC200; BC200a; LINC00004; NCRNA00004"
"79","BCYRN1","esophageal cancer","DOID:5041","BC200; BC200a; LINC00004; NCRNA00004"
"80","BCYRN1","ovarian cancer","DOID:2394","BC200; BC200a; LINC00004; NCRNA00004"
"82","BCYRN1","tongue cancer","DOID:8649","BC200; BC200a; LINC00004; NCRNA00004"
"84","BDNF-AS","Huntington's disease","DOID:12858","ANTI-BDNF; BDNF1; BDNFOS; NCRNA00049; BDNF-AS"
"87","BDNF-AS","schizophrenia","DOID:5419","ANTI-BDNF; BDNF1; BDNFOS; NCRNA00049; BDNF-AS"
"88","BDNF-AS1","obesity","DOID:9970","N/A"
"91","BOK-AS1","cancer","DOID:162","BOK-AS; BOKAS; NAToB; NCRNA00151"
"92","BOK-AS1","testicular cancer","DOID:2998","BOK-AS; BOKAS; NAToB; NCRNA00151"
"94","BX118339","West syndrome","DOID:0050562","N/A"
"96","C15orf2","Angelman syndrome","DOID:1932","N/A"
"97","C15orf2","Prader-Willi syndrome","DOID:11983","N/A"
"98","C1QTNF9B-AS1","prostate cancer","DOID:10283","N/A"
"99","CASC2","endometrial cancer","DOID:1380","C10orf5"
"101","CBR3-AS1","prostate cancer","DOID:10283","PlncRNA-1; PlncRNA1"
"103","CCAT1","colorectal cancer","DOID:9256","CARLo-5; onco-lncRNA-40"
"107","CCAT2","breast cancer","DOID:1612","LINC00873; NCCP1"
"110","CDKN2B-AS1","abdominal aortic aneurysm","DOID:7693","ANRIL; CDKN2B-AS; CDKN2BAS; NCRNA00089; PCAT12; p15AS"
"114","CDKN2B-AS1","Alzheimer's disease","DOID:10652","ANRIL; CDKN2B-AS; CDKN2BAS; NCRNA00089; PCAT12; p15AS"
"116","CDKN2B-AS1","aortic aneurysm","DOID:3627","ANRIL; CDKN2B-AS; CDKN2BAS; NCRNA00089; PCAT12; p15AS"
"128","CDKN2B-AS1","basal cell carcinoma","DOID:2513","ANRIL; CDKN2B-AS; CDKN2BAS; NCRNA00089; PCAT12; p15AS"
"130","CDKN2B-AS1","breast cancer","DOID:1612","ANRIL; CDKN2B-AS; CDKN2BAS; NCRNA00089; PCAT12; p15AS"
"146","CDKN2B-AS1","coronary artery disease","DOID:3393","ANRIL; CDKN2B-AS; CDKN2BAS; NCRNA00089; PCAT12; p15AS"
"160","CDKN2B-AS1","diabetes mellitus","DOID:9351","ANRIL; CDKN2B-AS; CDKN2BAS; NCRNA00089; PCAT12; p15AS"
"163","CDKN2B-AS1","endometriosis","DOID:289","ANRIL; CDKN2B-AS; CDKN2BAS; NCRNA00089; PCAT12; p15AS"
"166","CDKN2B-AS1","intracranial aneurysm","DOID:10941","ANRIL; CDKN2B-AS; CDKN2BAS; NCRNA00089; PCAT12; p15AS"
"169","CDKN2B-AS1","glaucoma","DOID:1686","ANRIL; CDKN2B-AS; CDKN2BAS; NCRNA00089; PCAT12; p15AS"
"188","CDKN2B-AS1","leukemia","DOID:1240","ANRIL; CDKN2B-AS; CDKN2BAS; NCRNA00089; PCAT12; p15AS"
"189","CDKN2B-AS1","melanoma","DOID:1909","ANRIL; CDKN2B-AS; CDKN2BAS; NCRNA00089; PCAT12; p15AS"
"194","CDKN2B-AS1","myocardial infarction","DOID:5844","ANRIL; CDKN2B-AS; CDKN2BAS; NCRNA00089; PCAT12; p15AS"
"201","CDKN2B-AS1","neurofibromatosis","DOID:8712","ANRIL; CDKN2B-AS; CDKN2BAS; NCRNA00089; PCAT12; p15AS"
"204","CDKN2B-AS1","peripheral artery disease","DOID:0050830","ANRIL; CDKN2B-AS; CDKN2BAS; NCRNA00089; PCAT12; p15AS"
"205","CDKN2B-AS1","plexiform neurofibroma","DOID:5151","ANRIL; CDKN2B-AS; CDKN2BAS; NCRNA00089; PCAT12; p15AS"
"220","CDKN2B-AS1","type 2 diabetes mellitus","DOID:9352","ANRIL; CDKN2B-AS; CDKN2BAS; NCRNA00089; PCAT12; p15AS"
"230","CDKN2B-AS13","plexiform neurofibroma","DOID:5151","N/A"
"232","CDKN2B-AS3","intracranial aneurysm","DOID:10941","N/A"
"233","CDKN2B-AS4","cancer","DOID:162","N/A"
"234","CDKN2B-AS5","type 2 diabetes mellitus","DOID:9352","N/A"
"235","CDKN2B-AS6","neuroblastoma","DOID:769","N/A"
"237","CDKN2B-AS8","melanoma","DOID:1909","N/A"
"238","CDKN2B-AS9","prostate cancer","DOID:10283","N/A"
"242","CRNDE","colorectal cancer","DOID:9256","CRNDE"
"243","CTBP1-AS","prostate cancer","DOID:10283","PCAT10"
"245","D4Z4","facioscapulohumeral muscular dystrophy","DOID:11727","N/A"
"247","DAOA-AS1","bipolar disorder","DOID:3312","DAOA-AS; DAOAAS; G30"
"248","DAOA-AS1","panic disorder","DOID:594","DAOA-AS; DAOAAS; G30"
"249","DAOA-AS1","schizophrenia","DOID:5419","DAOA-AS; DAOAAS; G30"
"257","DBET","facioscapulohumeral muscular dystrophy","DOID:11727","DBE-T; DUX4L30"
"261","DGCR5","DiGeorge syndrome","DOID:11198","LINC00037; NCRNA00037"
"263","DGCR5","Huntington's disease","DOID:12858","LINC00037; NCRNA00037"
"264","DGCR5","velocardiofacial syndrome","DOID:12583","LINC00037; NCRNA00037"
"266","DISC2","autism spectrum disorder","DOID:0060041","DISC1-AS1; DISC1OS; NCRNA00015"
"269","DISC2","bipolar disorder","DOID:3312","DISC1-AS1; DISC1OS; NCRNA00015"
"275","DISC2","schizophrenia","DOID:5419","DISC1-AS1; DISC1OS; NCRNA00015"
"284","DLEU1","chronic lymphocytic leukemia","DOID:1040","BCMS; BCMS1; DLB1; DLEU2; LEU1; LEU2; LINC00021; NCRNA00021; XTP6"
"293","DLEU1","lymphoma","DOID:0060058","BCMS; BCMS1; DLB1; DLEU2; LEU1; LEU2; LINC00021; NCRNA00021; XTP6"
"297","DNM3OS","ovarian cancer","DOID:2394","DNM3-AS1; MIR199A2HG"
"298","DQ786243","Crohn's disease","DOID:8778","N/A"
"300","DSCAM-AS1","breast cancer","DOID:1612","M41"
"334","EPB41L4A-AS1","cancer","DOID:162","C5orf26; NCRNA00219; TIGA1"
"337","ESRG","embryonal carcinoma","DOID:3308","HESRG"
"338","ESRG","intracranial aneurysm","DOID:10941","HESRG"
"344","FMR5","fragile X syndrome","DOID:14261","N/A"
"346","FMR6","fragile X syndrome","DOID:14261","N/A"
"350","GAS5","breast cancer","DOID:1612","NCRNA00030; SNHG2"
"353","GAS5","cancer","DOID:162","NCRNA00030; SNHG2"
"354","GAS5","kidney cancer","DOID:263","NCRNA00030; SNHG2"
"355","GAS5","lymphoma","DOID:0060058","NCRNA00030; SNHG2"
"357","GAS5","melanoma","DOID:1909","NCRNA00030; SNHG2"
"358","GAS5","prostate cancer","DOID:10283","NCRNA00030; SNHG2"
"363","GDNF-AS1","Alzheimer's disease","DOID:10652","GDNFOS"
"366","H19","adrenocortical carcinoma","DOID:3948","ASM; ASM1; BWS; D11S813E; LINC00008; NCRNA00008; WT2"
"367","H19","atherosclerosis","DOID:1936","ASM; ASM1; BWS; D11S813E; LINC00008; NCRNA00008; WT2"
"368","H19","Beckwith-Wiedemann syndrome","DOID:5572","ASM; ASM1; BWS; D11S813E; LINC00008; NCRNA00008; WT2"
"385","H19","breast cancer","DOID:1612","ASM; ASM1; BWS; D11S813E; LINC00008; NCRNA00008; WT2"
"392","H19","cancer","DOID:162","ASM; ASM1; BWS; D11S813E; LINC00008; NCRNA00008; WT2"
"394","H19","cervical cancer","DOID:4362","ASM; ASM1; BWS; D11S813E; LINC00008; NCRNA00008; WT2"
"395","H19","choriocarcinoma","DOID:3594","ASM; ASM1; BWS; D11S813E; LINC00008; NCRNA00008; WT2"
"397","H19","colon cancer","DOID:219","ASM; ASM1; BWS; D11S813E; LINC00008; NCRNA00008; WT2"
"408","H19","gestational choriocarcinoma","DOID:2025","ASM; ASM1; BWS; D11S813E; LINC00008; NCRNA00008; WT2"
"415","H19","hepatocellular carcinoma","DOID:684","ASM; ASM1; BWS; D11S813E; LINC00008; NCRNA00008; WT2"
"420","H19","hyperhomocysteinemia","DOID:9279","ASM; ASM1; BWS; D11S813E; LINC00008; NCRNA00008; WT2"
"421","H19","infertility","DOID:5223","ASM; ASM1; BWS; D11S813E; LINC00008; NCRNA00008; WT2"
"422","H19","kidney cancer","DOID:263","ASM; ASM1; BWS; D11S813E; LINC00008; NCRNA00008; WT2"
"423","H19","liver cancer","DOID:3571","ASM; ASM1; BWS; D11S813E; LINC00008; NCRNA00008; WT2"
"426","H19","lung cancer","DOID:1324","ASM; ASM1; BWS; D11S813E; LINC00008; NCRNA00008; WT2"
"430","H19","medulloblastoma","DOID:0050902","ASM; ASM1; BWS; D11S813E; LINC00008; NCRNA00008; WT2"
"432","H19","melanoma","DOID:1909","ASM; ASM1; BWS; D11S813E; LINC00008; NCRNA00008; WT2"
"435","H19","meningioma","DOID:3565","ASM; ASM1; BWS; D11S813E; LINC00008; NCRNA00008; WT2"
"440","H19","neuroblastoma","DOID:769","ASM; ASM1; BWS; D11S813E; LINC00008; NCRNA00008; WT2"
"441","H19","obesity","DOID:9970","ASM; ASM1; BWS; D11S813E; LINC00008; NCRNA00008; WT2"
"442","H19","ovarian cancer","DOID:2394","ASM; ASM1; BWS; D11S813E; LINC00008; NCRNA00008; WT2"
"444","H19","pituitary adenoma","DOID:3829","ASM; ASM1; BWS; D11S813E; LINC00008; NCRNA00008; WT2"
"445","H19","Prader-Willi syndrome","DOID:11983","ASM; ASM1; BWS; D11S813E; LINC00008; NCRNA00008; WT2"
"446","H19","pre-eclampsia","DOID:10591","ASM; ASM1; BWS; D11S813E; LINC00008; NCRNA00008; WT2"
"447","H19","prostate cancer","DOID:10283","ASM; ASM1; BWS; D11S813E; LINC00008; NCRNA00008; WT2"
"448","H19","Silver-Russell syndrome","DOID:14681","ASM; ASM1; BWS; D11S813E; LINC00008; NCRNA00008; WT2"
"457","HAR1A","Alzheimer's disease","DOID:10652","HAR1F; LINC00064; NCRNA00064"
"458","HAR1A","Huntington's disease","DOID:12858","HAR1F; LINC00064; NCRNA00064"
"460","HAR1A","schizophrenia","DOID:5419","HAR1F; LINC00064; NCRNA00064"
"461","HAR1B","Alzheimer's disease","DOID:10652","HAR1R; LINC00065; NCRNA00065"
"462","HAR1B","Huntington's disease","DOID:12858","HAR1R; LINC00065; NCRNA00065"
"464","HAR1B","schizophrenia","DOID:5419","HAR1R; LINC00065; NCRNA00065"
"468","HEIH","hepatocellular carcinoma","DOID:684","HCCAT2; LINC-HEIH; LINC00848; lncRNA-HEIH"
"469","HIF1A-AS1","kidney cancer","DOID:263","5'aHIF-1A; 5'aHIF1alpha"
"472","HIF1A-AS2","kidney cancer","DOID:263","3'aHIF-1A; aHIF"
"473","LINC01370","type 2 diabetes mellitus","DOID:9352","HI-LNC25; HILNC25"
"476","HLA-AS1","multiple sclerosis","DOID:2377","N/A"
"477","HLA-AS1","psoriasis","DOID:8893","N/A"
"478","HNF1A-AS1","adenocarcinoma","DOID:299","C12orf27; NCRNA00262"
"481","HOTAIR","breast cancer","DOID:1612","HOXAS; HOXC-AS4; HOXC11-AS1; NCRNA00072"
"499","HOTAIR","cancer","DOID:162","HOXAS; HOXC-AS4; HOXC11-AS1; NCRNA00072"
"508","HOTAIR","cervical cancer","DOID:4362","HOXAS; HOXC-AS4; HOXC11-AS1; NCRNA00072"
"509","HOTAIR","colon cancer","DOID:219","HOXAS; HOXC-AS4; HOXC11-AS1; NCRNA00072"
"510","HOTAIR","colorectal cancer","DOID:9256","HOXAS; HOXC-AS4; HOXC11-AS1; NCRNA00072"
"515","HOTAIR","endometrial cancer","DOID:1380","HOXAS; HOXC-AS4; HOXC11-AS1; NCRNA00072"
"517","HOTAIR","ovarian cancer","DOID:2394","HOXAS; HOXC-AS4; HOXC11-AS1; NCRNA00072"
"527","HOTAIR","hepatocellular carcinoma","DOID:684","HOXAS; HOXC-AS4; HOXC11-AS1; NCRNA00072"
"534","HOTAIR","laryngeal squamous cell carcinoma","DOID:2876","HOXAS; HOXC-AS4; HOXC11-AS1; NCRNA00072"
"535","HOTAIR","liver cancer","DOID:3571","HOXAS; HOXC-AS4; HOXC11-AS1; NCRNA00072"
"536","HOTAIR","lung adenocarcinoma","DOID:3910","HOXAS; HOXC-AS4; HOXC11-AS1; NCRNA00072"
"537","HOTAIR","lung cancer","DOID:1324","HOXAS; HOXC-AS4; HOXC11-AS1; NCRNA00072"
"541","HOTAIR","oral squamous cell carcinoma","DOID:0050866","HOXAS; HOXC-AS4; HOXC11-AS1; NCRNA00072"
"542","HOTAIR","pancreatic cancer","DOID:1793","HOXAS; HOXC-AS4; HOXC11-AS1; NCRNA00072"
"543","HOTAIR","rheumatoid arthritis","DOID:7148","HOXAS; HOXC-AS4; HOXC11-AS1; NCRNA00072"
"547","HOTTIP","hepatocellular carcinoma","DOID:684","HOXA-AS6; HOXA13-AS1; NCRNA00213"
"550","HTT-AS","Huntington's disease","DOID:12858","HTT-AS1; HTTAS"
"551","HTTAS_v1","Huntington's disease","DOID:12858","N/A"
"553","HULC","hepatocellular carcinoma","DOID:684","HCCAT1; LINC00078; NCRNA00078"
"561","HULC","liver cancer","DOID:3571","HCCAT1; LINC00078; NCRNA00078"
"563","HYMAI","transient neonatal diabetes mellitus","DOID:0060334","NCRNA00020"
"564","IFNG-AS1","multiple sclerosis","DOID:2377","GS1-410F4.2; NEST; Tmevpg1"
"565","IGF2-AS","hepatocellular carcinoma","DOID:684","IGF2-AS1; IGF2AS; PEG8"
"566","IGF2-AS","prostate cancer","DOID:10283","IGF2-AS1; IGF2AS; PEG8"
"567","IGF2-AS","type 1 diabetes mellitus","DOID:9744","IGF2-AS1; IGF2AS; PEG8"
"570","IPW","Prader-Willi syndrome","DOID:11983","NCRNA00002"
"577","KCNQ1OT1","Beckwith-Wiedemann syndrome","DOID:5572","KCNQ1-AS2; KCNQ10T1; Kncq1; KvDMR1; KvLQT1-AS; LIT1; NCRNA00012"
"585","KCNQ1OT1","colorectal cancer","DOID:9256","KCNQ1-AS2; KCNQ10T1; Kncq1; KvDMR1; KvLQT1-AS; LIT1; NCRNA00012"
"587","KCNQ1OT1","hepatocellular carcinoma","DOID:684","KCNQ1-AS2; KCNQ10T1; Kncq1; KvDMR1; KvLQT1-AS; LIT1; NCRNA00012"
"588","KCNQ1OT1","kidney cancer","DOID:263","KCNQ1-AS2; KCNQ10T1; Kncq1; KvDMR1; KvLQT1-AS; LIT1; NCRNA00012"
"589","KRAS1P","cancer","DOID:162","N/A"
"590","LINC00850","Duchenne muscular dystrophy","DOID:11723","KUCG1"
"592","LALR","hepatocellular carcinoma","DOID:684","N/A"
"593","LINC00032","melanoma","DOID:1909","C9orf14; NCRNA00032"
"594","PICSAR","narcolepsy","DOID:8986","C21orf113; LINC00162; NCRNA00162; NLC1-C; NLC1C; PRED74"
"595","LINC00271","schizophrenia","DOID:5419","C6orf217; NCRNA00271"
"596","LINC00271","type 2 diabetes mellitus","DOID:9352","C6orf217; NCRNA00271"
"602","LINC00963","prostate cancer","DOID:10283","N/A"
"603","LINC01262","Parkinson's disease","DOID:14330","TCONS_l2_00021807"
"604","LINCMD1","Duchenne muscular dystrophy","DOID:11723","LINC-MD1; MIR133BHG"
"605","lincRNA-p21","lung cancer","DOID:1324","N/A"
"606","lincRNA-p21","cancer","DOID:162","N/A"
"611","lncRNA-ATB","hepatocellular carcinoma","DOID:684","N/A"
"612","LncRNA-LALR1","liver cancer","DOID:3571","N/A"
"613","NPTN-IT1","cancer","DOID:162","lncRNA-LET"
"614","lncRNA-MVIH","hepatocellular carcinoma","DOID:684","N/A"
"619","LOC554202","breast cancer","DOID:1612","N/A"
"620","LOC728606","prostate cancer","DOID:10283","N/A"
"621","TUSC7","osteosarcoma","DOID:3347","LINC00902; LSAMP-AS1; LSAMP-AS3; LSAMPAS3; NCRNA00295"
"622","LSINCT5","breast cancer","DOID:1612","N/A"
"624","LSINCT5","ovarian cancer","DOID:2394","N/A"
"629","MALAT1","breast cancer","DOID:1612","HCN; LINC00047; NCRNA00047; NEAT2; PRO2853"
"632","MALAT1","cancer","DOID:162","HCN; LINC00047; NCRNA00047; NEAT2; PRO2853"
"637","MALAT1","cervical cancer","DOID:4362","HCN; LINC00047; NCRNA00047; NEAT2; PRO2853"
"639","MALAT1","colon cancer","DOID:219","HCN; LINC00047; NCRNA00047; NEAT2; PRO2853"
"640","MALAT1","colorectal cancer","DOID:9256","HCN; LINC00047; NCRNA00047; NEAT2; PRO2853"
"642","MALAT1","diabetes mellitus","DOID:9351","HCN; LINC00047; NCRNA00047; NEAT2; PRO2853"
"643","MALAT1","endometrial cancer","DOID:1380","HCN; LINC00047; NCRNA00047; NEAT2; PRO2853"
"644","MALAT1","gallbladder cancer","DOID:3121","HCN; LINC00047; NCRNA00047; NEAT2; PRO2853"
"645","MALAT1","hepatocellular carcinoma","DOID:684","HCN; LINC00047; NCRNA00047; NEAT2; PRO2853"
"652","MALAT1","kidney cancer","DOID:263","HCN; LINC00047; NCRNA00047; NEAT2; PRO2853"
"653","MALAT1","laryngeal squamous cell carcinoma","DOID:2876","HCN; LINC00047; NCRNA00047; NEAT2; PRO2853"
"654","MALAT1","liver cancer","DOID:3571","HCN; LINC00047; NCRNA00047; NEAT2; PRO2853"
"656","MALAT1","lung adenocarcinoma","DOID:3910","HCN; LINC00047; NCRNA00047; NEAT2; PRO2853"
"657","MALAT1","lung cancer","DOID:1324","HCN; LINC00047; NCRNA00047; NEAT2; PRO2853"
"664","MALAT1","neuroblastoma","DOID:769","HCN; LINC00047; NCRNA00047; NEAT2; PRO2853"
"671","MALAT1","osteosarcoma","DOID:3347","HCN; LINC00047; NCRNA00047; NEAT2; PRO2853"
"673","MALAT1","pancreatic cancer","DOID:1793","HCN; LINC00047; NCRNA00047; NEAT2; PRO2853"
"674","MALAT1","prostate cancer","DOID:10283","HCN; LINC00047; NCRNA00047; NEAT2; PRO2853"
"682","MAP3K14","pancreatic ductal adenocarcinoma","DOID:3498","MAP3K14"
"683","MEG3","acute myeloid leukemia","DOID:9119","FP504; GTL2; LINC00023; NCRNA00023; PRO0518; PRO2160; onco-lncRNA-83; prebp1"
"688","MEG3","breast cancer","DOID:1612","FP504; GTL2; LINC00023; NCRNA00023; PRO0518; PRO2160; onco-lncRNA-83; prebp1"
"689","MEG3","cancer","DOID:162","FP504; GTL2; LINC00023; NCRNA00023; PRO0518; PRO2160; onco-lncRNA-83; prebp1"
"692","MEG3","chronic myeloid leukemia","DOID:8552","FP504; GTL2; LINC00023; NCRNA00023; PRO0518; PRO2160; onco-lncRNA-83; prebp1"
"693","MEG3","colon cancer","DOID:219","FP504; GTL2; LINC00023; NCRNA00023; PRO0518; PRO2160; onco-lncRNA-83; prebp1"
"697","MEG3","hepatocellular carcinoma","DOID:684","FP504; GTL2; LINC00023; NCRNA00023; PRO0518; PRO2160; onco-lncRNA-83; prebp1"
"701","MEG3","Huntington's disease","DOID:12858","FP504; GTL2; LINC00023; NCRNA00023; PRO0518; PRO2160; onco-lncRNA-83; prebp1"
"702","MEG3","kidney cancer","DOID:263","FP504; GTL2; LINC00023; NCRNA00023; PRO0518; PRO2160; onco-lncRNA-83; prebp1"
"703","MEG3","lung cancer","DOID:1324","FP504; GTL2; LINC00023; NCRNA00023; PRO0518; PRO2160; onco-lncRNA-83; prebp1"
"704","MEG3","meningioma","DOID:3565","FP504; GTL2; LINC00023; NCRNA00023; PRO0518; PRO2160; onco-lncRNA-83; prebp1"
"706","MEG3","myelodysplastic syndrome","DOID:0050908","FP504; GTL2; LINC00023; NCRNA00023; PRO0518; PRO2160; onco-lncRNA-83; prebp1"
"707","MEG3","neuroblastoma","DOID:769","FP504; GTL2; LINC00023; NCRNA00023; PRO0518; PRO2160; onco-lncRNA-83; prebp1"
"708","MEG3","pituitary adenoma","DOID:3829","FP504; GTL2; LINC00023; NCRNA00023; PRO0518; PRO2160; onco-lncRNA-83; prebp1"
"713","MEG3","prostate cancer","DOID:10283","FP504; GTL2; LINC00023; NCRNA00023; PRO0518; PRO2160; onco-lncRNA-83; prebp1"
"715","MEG3","type 2 diabetes mellitus","DOID:9352","FP504; GTL2; LINC00023; NCRNA00023; PRO0518; PRO2160; onco-lncRNA-83; prebp1"
"716","MESTIT1","Silver-Russell syndrome","DOID:14681","MEST-AS1; MEST-IT; MEST-IT1; NCRNA00040; PEG1-AS"
"717","MIAT","cancer","DOID:162","C22orf35; GOMAFU; LINC00066; NCRNA00066; RNCR2; lncRNA-MIAT"
"720","MIAT","myocardial infarction","DOID:5844","C22orf35; GOMAFU; LINC00066; NCRNA00066; RNCR2; lncRNA-MIAT"
"725","MIAT","schizophrenia","DOID:5419","C22orf35; GOMAFU; LINC00066; NCRNA00066; RNCR2; lncRNA-MIAT"
"728","MINA","hepatocellular carcinoma","DOID:684","N/A"
"729","MINA","lung cancer","DOID:1324","N/A"
"730","MIR100HG","myopia","DOID:11830","AGD1; linc-NeD125; lncRNA-N2"
"731","MIR155HG","chronic lymphocytic leukemia","DOID:1040","BIC; MIRHG2; NCRNA00172"
"732","MIR17HG","cancer","DOID:162","C13orf25; FGLDS2; LINC00048; MIHG1; MIRH1; MIRHG1; NCRNA00048; miR-17-92"
"733","MIR17HG","lymphoma","DOID:0060058","C13orf25; FGLDS2; LINC00048; MIHG1; MIRH1; MIRHG1; NCRNA00048; miR-17-92"
"735","MIR31HG","breast cancer","DOID:1612","hsa-lnc-31"
"736","MIR7-3HG","hepatocellular carcinoma","DOID:684","C19orf30; Huh7; LINC00306; NCRNA00306; PGSF1; uc002mbe.2"
"737","NAMA","papillary thyroid carcinoma","DOID:3969","N/A"
"738","SNHG16","neuroblastoma","DOID:769","Nbla10727; Nbla12061; ncRAN"
"739","NDM29","neuroblastoma","DOID:769","N/A"
"741","NEAT1","amyotrophic lateral sclerosis","DOID:332","LINC00084; NCRNA00084; TncRNA; VINC"
"743","NEAT1","Huntington's disease","DOID:12858","LINC00084; NCRNA00084; TncRNA; VINC"
"746","NEAT1","oral squamous cell carcinoma","DOID:0050866","LINC00084; NCRNA00084; TncRNA; VINC"
"748","NPTN-IT1","colorectal cancer","DOID:9256","lncRNA-LET"
"749","NPTN-IT1","hepatocellular carcinoma","DOID:684","lncRNA-LET"
"753","PAN","Kaposi's sarcoma","DOID:8632","N/A"
"755","PANDAR","cancer","DOID:162","PANDA"
"756","PCA3","prostate cancer","DOID:10283","DD3; NCRNA00019; PCAT3"
"770","PCAT1","cancer","DOID:162","PCA1; PCAT-1"
"771","PCAT1","prostate cancer","DOID:10283","PCA1; PCAT-1"
"778","PCGEM1","prostate cancer","DOID:10283","LINC00071; NCRNA00071; PCAT9"
"791","PCNA-AS1","cancer","DOID:162","PCNA-AS; PCNAAS"
"792","PCNCR1","prostate cancer","DOID:10283","N/A"
"794","PDZRN3-AS1","type 2 diabetes mellitus","DOID:9352","N/A"
"795","PINK1-AS","diabetes mellitus","DOID:9351","NAPINK11; PINK1AS; PINK1-AS"
"796","PINK1-AS","Parkinson's disease","DOID:14330","NAPINK11; PINK1AS; PINK1-AS"
"798","PRNCR1","prostate cancer","DOID:10283","CARLo-3; PCAT8"
"802","PSORS1C3","psoriasis","DOID:8893","NCRNA00196"
"804","PTCSC1","papillary thyroid carcinoma","DOID:3969","NCRNA00197; PTCSC"
"805","PTCSC3","papillary thyroid carcinoma","DOID:3969","N/A"
"807","PTENP1","cancer","DOID:162","PTENP1"
"808","PTENP1","prostate cancer","DOID:10283","PTENP1"
"810","PTENpg1","cancer","DOID:162","N/A"
"811","PVT1","breast cancer","DOID:1612","LINC00079; MYC; NCRNA00079; onco-lncRNA-100"
"812","PVT1","Burkitt lymphoma","DOID:8584","LINC00079; MYC; NCRNA00079; onco-lncRNA-100"
"813","PVT1","cancer","DOID:162","LINC00079; MYC; NCRNA00079; onco-lncRNA-100"
"814","PVT1","cleft lip","DOID:9296","LINC00079; MYC; NCRNA00079; onco-lncRNA-100"
"815","PVT1","diabetic nephropathy","DOID:2370","LINC00079; MYC; NCRNA00079; onco-lncRNA-100"
"817","PVT1","Hodgkin's lymphoma","DOID:8567","LINC00079; MYC; NCRNA00079; onco-lncRNA-100"
"818","PVT1","lymphoma","DOID:0060058","LINC00079; MYC; NCRNA00079; onco-lncRNA-100"
"820","PVT1","plasmacytoma","DOID:3721","LINC00079; MYC; NCRNA00079; onco-lncRNA-100"
"821","PVT1","ovarian cancer","DOID:2394","LINC00079; MYC; NCRNA00079; onco-lncRNA-100"
"822","PVT1","pancreatic cancer","DOID:1793","LINC00079; MYC; NCRNA00079; onco-lncRNA-100"
"823","PVT1","prostate cancer","DOID:10283","LINC00079; MYC; NCRNA00079; onco-lncRNA-100"
"824","PVT1","kidney cancer","DOID:263","LINC00079; MYC; NCRNA00079; onco-lncRNA-100"
"825","PVT1","type 2 diabetes mellitus","DOID:9352","LINC00079; MYC; NCRNA00079; onco-lncRNA-100"
"828","REST/CoREST-regulated lncRNAs","Huntington's disease","DOID:12858","N/A"
"829","RMST","rhabdomyosarcoma","DOID:3247","LINC00054; NCRMS; NCRNA00054"
"837","SCHLAP1","prostate cancer","DOID:10283","LINC00913; PCAT11; PCAT114"
"839","SNHG11","obesity","DOID:9970","C20orf198; LINC00101; NCRNA00101"
"841","SNHG16","colorectal cancer","DOID:9256","Nbla10727; Nbla12061; ncRAN"
"842","SNHG3","Alzheimer's disease","DOID:10652","NCRNA00014; RNU17C; RNU17D; U17HG; U17HG-A; U17HG-AB"
"843","SNHG4","myelodysplastic syndrome","DOID:0050908","NCRNA00059; U19H"
"844","SNHG5","lymphoma","DOID:0060058","C6orf160; LINC00044; NCRNA00044; U50HG; bA33E24.2"
"846","SOX2-OT","Alzheimer's disease","DOID:10652","NCRNA00043; SOX2OT"
"849","SPRY4-IT1","melanoma","DOID:1909","SPRIGHTLY"
"854","TC0100223","cancer","DOID:162","N/A"
"855","TC0101441","cancer","DOID:162","N/A"
"856","TC0101686","cancer","DOID:162","N/A"
"857","TCL6","leukemia","DOID:1240","TNG1; TNG2"
"858","TCL6","lymphoma","DOID:0060058","TNG1; TNG2"
"859","TDRG1","testicular cancer","DOID:2998","LINC00532"
"860","TERC","dyskeratosis congenita","DOID:2729","DKCA1; PFBMFT2; SCARNA19; TR; TRC3; hTR"
"861","TERC","prostate cancer","DOID:10283","DKCA1; PFBMFT2; SCARNA19; TR; TRC3; hTR"
"862","THRIL","Kawasaki disease","DOID:13378","BRI3BP-AS1; BRI3BPAS1; Linc1992; TCONS_00020260"
"864","TINCR","squamous cell carcinoma","DOID:1749","LINC00036; NCRNA00036; PLAC2; onco-lncRNA-16"
"865","TRAF3IP2-AS1","schizophrenia","DOID:5419","C6UAS; C6orf3; NCRNA00248; TRAF3IP2-AS2"
"866","T-UCRs","neuroblastoma","DOID:769","N/A"
"871","TUG1","Huntington's disease","DOID:12858","LINC00080; NCRNA00080; TI-227H"
"874","TUSC8","cervical cancer","DOID:4362","LINC01071; XLOC_010588"
"875","U1 spliceosomal lncRNA","Parkinson's disease","DOID:14330","N/A"
"876","SNHG14","Angelman syndrome","DOID:1932","115HG; IC-SNURF-SNRPN; LNCAT; NCRNA00214; U-UBE3A-ATS; UBE3A-AS; UBE3A-AS1; UBE3AATS"
"879","SNHG14","Prader-Willi syndrome","DOID:11983","115HG; IC-SNURF-SNRPN; LNCAT; NCRNA00214; U-UBE3A-ATS; UBE3A-AS; UBE3A-AS1; UBE3AATS"
"880","UBE3A-ATS","Angelman syndrome","DOID:1932","N/A"
"892","UCA1","oral squamous cell carcinoma","DOID:0050866","CUDR; LINC00178; NCRNA00178; UCAT1; onco-lncRNA-36"
"894","UCA1","squamous cell carcinoma","DOID:1749","CUDR; LINC00178; NCRNA00178; UCAT1; onco-lncRNA-36"
"895","UCA1","tongue squamous cell carcinoma","DOID:0050865","CUDR; LINC00178; NCRNA00178; UCAT1; onco-lncRNA-36"
"896","UCA1","cancer","DOID:162","CUDR; LINC00178; NCRNA00178; UCAT1; onco-lncRNA-36"
"897","WRAP53","cancer","DOID:162","N/A"
"899","WRAP53","dyskeratosis congenita","DOID:2729","N/A"
"900","WT1-AS","acute myeloid leukemia","DOID:9119","WIT-1; WIT11; WT1AS; WT1-AS"
"905","XIST","breast cancer","DOID:1612","DXS1089; DXS399E; LINC00001; NCRNA00001; SXI1; swd66"
"906","XIST","cancer","DOID:162","DXS1089; DXS399E; LINC00001; NCRNA00001; SXI1; swd66"
"909","XIST","Klinefelter's syndrome","DOID:1921","DXS1089; DXS399E; LINC00001; NCRNA00001; SXI1; swd66"
"911","XIST","testicular cancer","DOID:2998","DXS1089; DXS399E; LINC00001; NCRNA00001; SXI1; swd66"
"912","LINC00538","cancer","DOID:162","PROX1UT; Yiya"
"914","ZFAS1","breast cancer","DOID:1612","C20orf199; HSUP1; HSUP2; NCRNA00275; ZNFX1-AS1"
"918","LINC01133","lung squamous cell carcinoma","DOID:3907","N/A"
"919","lnc-LCE5A-1","head and neck squamous cell carcinoma","DOID:5520","N/A"
"920","FAM3D-AS1","head and neck squamous cell carcinoma","DOID:5520","lnc-KCTD6-3"
"923","AS Uchl1","Parkinson's disease","DOID:14330","N/A"
"926","LOC728228","lung cancer","DOID:1324","N/A"
"928","H19","coronary artery disease","DOID:3393","ASM; ASM1; BWS; D11S813E; LINC00008; NCRNA00008; WT2"
"931","UCA1","hepatocellular carcinoma","DOID:684","CUDR; LINC00178; NCRNA00178; UCAT1; onco-lncRNA-36"
"932","lncRNA-ATB","colorectal cancer","DOID:9256","N/A"
"937","DRAIC","cancer","DOID:162","N/A"
"942","MALAT1","renal cell carcinoma","DOID:4450","HCN; LINC00047; NCRNA00047; NEAT2; PRO2853"
"943","CTBP1-AS","polycystic ovary syndrome","DOID:11612","PCAT10"
"945","NBAT1","neuroblastoma","DOID:769","CASC14; NBAT-1"
"953","MALAT1","multiple myeloma","DOID:9538","HCN; LINC00047; NCRNA00047; NEAT2; PRO2853"
"954","NEAT1","infertility","DOID:5223","LINC00084; NCRNA00084; TncRNA; VINC"
"955","ENST00000480739","pancreatic ductal adenocarcinoma","DOID:3498","RPL13AP23"
"959","RP5-833A20.1","atherosclerosis","DOID:1936","NFIA-AS1"
"960","LINC-ROR","breast cancer","DOID:1612","ROR; lincRNA-RoR"
"961","AC006050.3","lung squamous cell carcinoma","DOID:3907","N/A"
"966","WNT4","endometriosis","DOID:289","N/A"
"967","HOTAIR","renal carcinoma","DOID:4451","HOXAS; HOXC-AS4; HOXC11-AS1; NCRNA00072"
"969","HA117","Hirschsprung's disease","DOID:10487","N/A"
"971","TARID","cancer","DOID:162","EYA4-AS1"
"972","PVT1","hepatocellular carcinoma","DOID:684","LINC00079; MYC; NCRNA00079; onco-lncRNA-100"
"974","HIF1A-AS1","acute myocardial infarction","DOID:9408","5'aHIF-1A; 5'aHIF1alpha"
"975","CDKN2B-AS1","acute myocardial infarction","DOID:9408","ANRIL; CDKN2B-AS; CDKN2BAS; NCRNA00089; PCAT12; p15AS"
"976","KCNQ1OT1","acute myocardial infarction","DOID:9408","KCNQ1-AS2; KCNQ10T1; Kncq1; KvDMR1; KvLQT1-AS; LIT1; NCRNA00012"
"977","MALAT1","acute myocardial infarction","DOID:9408","HCN; LINC00047; NCRNA00047; NEAT2; PRO2853"
"978","MIAT","acute myocardial infarction","DOID:9408","C22orf35; GOMAFU; LINC00066; NCRNA00066; RNCR2; lncRNA-MIAT"
"988","GSEC","colon cancer","DOID:219","DCPS-AS1; ST3GAL4-AS1"
"989","AFAP1-AS1","lung adenocarcinoma","DOID:3910","AFAP1-AS; AFAP1AS"
"990","LINC00511","lung adenocarcinoma","DOID:3910","LCAL5; onco-lncRNA-12"
"991","PVT1","lung squamous cell carcinoma","DOID:3907","LINC00079; MYC; NCRNA00079; onco-lncRNA-100"
"993","NONHSAT076747","papillary thyroid carcinoma","DOID:3969","N/A"
"994","NONHSAT122730","papillary thyroid carcinoma","DOID:3969","N/A"
"995","NONHSAG051968","papillary thyroid carcinoma","DOID:3969","N/A"
"999","HOXA11-AS","cervical cancer","DOID:4362","HOXA-AS51; HOXA11AS; HOXA11S; NCRNA00076; HOXA11-AS"
"1000","NBR2","cancer","DOID:162","NCRNA00192"
"1001","TUG1","breast cancer","DOID:1612","LINC00080; NCRNA00080; TI-227H"
"1002","ASBEL","colorectal cancer","DOID:9256","N/A"
"1004","FOXP4-AS1","colorectal cancer","DOID:9256","N/A"
"1005","HOTAIRM1","leukemia","DOID:1240","HOXA-AS1; HOXA1-AS1; NCRNA00179"
"1007","H19","colorectal cancer","DOID:9256","ASM; ASM1; BWS; D11S813E; LINC00008; NCRNA00008; WT2"
"1009","91H","breast cancer","DOID:1612","N/A"
"1011","PCAT14","prostate cancer","DOID:10283","N/A"
"1014","MEG3","cervical cancer","DOID:4362","FP504; GTL2; LINC00023; NCRNA00023; PRO0518; PRO2160; onco-lncRNA-83; prebp1"
"1016","LOC100287225","colorectal cancer","DOID:9256","N/A"
"1017","AK098081","colorectal cancer","DOID:9256","N/A"
"1018","BC040303","colorectal cancer","DOID:9256","N/A"
"1019","BC037331","colorectal cancer","DOID:9256","N/A"
"1020","CR749831","colorectal cancer","DOID:9256","N/A"
"1022","linc-cdh4-2","hepatocellular carcinoma","DOID:684","N/A"
"1025","HULC","pancreatic cancer","DOID:1793","HCCAT1; LINC00078; NCRNA00078"
"1026","HULC","osteosarcoma","DOID:3347","HCCAT1; LINC00078; NCRNA00078"
"1027","HULC","colorectal cancer","DOID:9256","HCCAT1; LINC00078; NCRNA00078"
"1028","UCA1","breast cancer","DOID:1612","CUDR; LINC00178; NCRNA00178; UCAT1; onco-lncRNA-36"
"1029","LINC-ROR","gallbladder cancer","DOID:3121","ROR; lincRNA-RoR"
"1030","numb","uveal melanoma","DOID:6039","N/A"
"1031","HOTAIRM1","colorectal cancer","DOID:9256","HOXA-AS1; HOXA1-AS1; NCRNA00179"
"1034","GAS5","ovarian cancer","DOID:2394","NCRNA00030; SNHG2"
"1042","MALAT1","renal clear cell carcinoma","DOID:4467","HCN; LINC00047; NCRNA00047; NEAT2; PRO2853"
"1043","MALAT1","esophageal cancer","DOID:5041","HCN; LINC00047; NCRNA00047; NEAT2; PRO2853"
"1049","CRNDE","chronic lymphocytic leukemia","DOID:1040","CRNDE"
"1050","AC012065.7","chronic lymphocytic leukemia","DOID:1040","N/A"
"1051","JPX","hepatocellular carcinoma","DOID:684","DCBALD06; ENOX; LINC00183; NCRNA00183"
"1052","XIST","hepatocellular carcinoma","DOID:684","DXS1089; DXS399E; LINC00001; NCRNA00001; SXI1; swd66"
"1053","ZEB2-AS1","hepatocellular carcinoma","DOID:684","ZEB2-AS; ZEB2AS; ZEB2NAT"
"1054","UCA1","esophageal cancer","DOID:5041","CUDR; LINC00178; NCRNA00178; UCAT1; onco-lncRNA-36"
"1055","SNHG7","lung cancer","DOID:1324","NCRNA00061"
"1058","PVT1","cervical cancer","DOID:4362","LINC00079; MYC; NCRNA00079; onco-lncRNA-100"
"1059","HULC","cervical cancer","DOID:4362","HCCAT1; LINC00078; NCRNA00078"
"1063","RP1130-1","hepatocellular carcinoma","DOID:684","N/A"
"1066","LINC00161","osteosarcoma","DOID:3347","C21orf100; NCRNA00161"
"1068","Unigene56159","hepatocellular carcinoma","DOID:684","N/A"
"1069","UCA1","pancreatic cancer","DOID:1793","CUDR; LINC00178; NCRNA00178; UCAT1; onco-lncRNA-36"
"1070","HCG11","prostate cancer","DOID:10283","CTA-14H9.3; bK14H9.3"
"1072","CCDC26","pancreatic cancer","DOID:1793","RAM"
"1073","MALAT1","Parkinson's disease","DOID:14330","HCN; LINC00047; NCRNA00047; NEAT2; PRO2853"
"1075","CCEPR","hepatocellular carcinoma","DOID:684","CCHE1; lncRNA-CCHE1"
"1079","DANCR","prostate cancer","DOID:10283","AGU2; ANCR; KIAA0114; SNHG13; lncRNA-ANCR"
"1085","UCA1","ovarian cancer","DOID:2394","CUDR; LINC00178; NCRNA00178; UCAT1; onco-lncRNA-36"
"1092","TUG1","chronic kidney disease","DOID:784","LINC00080; NCRNA00080; TI-227H"
"1094","MIR2052HG","breast cancer","DOID:1612","N/A"
"1096","GPC3-AS1","hepatocellular carcinoma","DOID:684","N/A"
"1097","GIHCG","hepatocellular carcinoma","DOID:684","N/A"
"1098","ENSMUST00000147869","diabetic nephropathy","DOID:2370","N/A"
"1100","RP11-702B10.1","esophageal cancer","DOID:5041","LINC02098"
"1101","RP11-523H24.3","esophageal cancer","DOID:5041","PSPC1-AS2"
"1102","H19","ulcerative colitis","DOID:8577","ASM; ASM1; BWS; D11S813E; LINC00008; NCRNA00008; WT2"
"1103","CYTOR","colon cancer","DOID:219","C2orf59; LINC00152; NCRNA00152"
"1104","H19","pancreatic ductal adenocarcinoma","DOID:3498","ASM; ASM1; BWS; D11S813E; LINC00008; NCRNA00008; WT2"
"1106","HOTTIP","pancreatic cancer","DOID:1793","HOXA-AS6; HOXA13-AS1; NCRNA00213"
"1108","HOTTIP","colorectal cancer","DOID:9256","HOXA-AS6; HOXA13-AS1; NCRNA00213"
"1109","KIAA0087","endometrial cancer","DOID:1380","N/A"
"1110","RP11-501O2","endometrial cancer","DOID:1380","LINC02046"
"1111","FAM212B-AS1","endometrial cancer","DOID:1380","N/A"
"1112","LOC102723552","endometrial cancer","DOID:1380","N/A"
"1113","RP11-140I24","endometrial cancer","DOID:1380","LINC01568"
"1114","RP11-600K151","endometrial cancer","DOID:1380","N/A"
"1115","HOTAIR","acute leukemia","DOID:12603","HOXAS; HOXC-AS4; HOXC11-AS1; NCRNA00072"
"1121","ENST00000438347","hepatocellular carcinoma","DOID:684","CCND3P1"
"1122","LINC00601","hepatocellular carcinoma","DOID:684","N/A"
"1123","CXCL1P1","hepatocellular carcinoma","DOID:684","CXCL1P1"
"1124","CASC11","hepatocellular carcinoma","DOID:684","CARLo-7; LINC00990; TCONS_00014535"
"1131","MALAT1","uveal melanoma","DOID:6039","HCN; LINC00047; NCRNA00047; NEAT2; PRO2853"
"1132","DANCR","breast cancer","DOID:1612","AGU2; ANCR; KIAA0114; SNHG13; lncRNA-ANCR"
"1133","H19","gallbladder cancer","DOID:3121","ASM; ASM1; BWS; D11S813E; LINC00008; NCRNA00008; WT2"
"1134","LRRC75A-AS1","rheumatoid arthritis","DOID:7148","C17orf45; C17orf76-AS1; FAM211A-AS1; NCRNA00188; TSAP19"
"1135","ENST00000438399","rheumatoid arthritis","DOID:7148","N/A"
"1136","uc004afb.1","rheumatoid arthritis","DOID:7148","N/A"
"1137","RPKG1-AS1","rheumatoid arthritis","DOID:7148","N/A"
"1138","CRNDE","renal cell carcinoma","DOID:4450","CRNDE"
"1139","NEXN-AS1","lung cancer","DOID:1324","C1orf118"
"1140","uc.338","lung cancer","DOID:1324","N/A"
"1141","MALAT1","hemangioma","DOID:255","HCN; LINC00047; NCRNA00047; NEAT2; PRO2853"
"1142","PVT1","esophageal cancer","DOID:5041","LINC00079; MYC; NCRNA00079; onco-lncRNA-100"
"1143","LINC-ROR","colorectal cancer","DOID:9256","ROR; lincRNA-RoR"
"1144","MALAT1","thyroid cancer","DOID:1781","HCN; LINC00047; NCRNA00047; NEAT2; PRO2853"
"1147","TUG1","ovarian cancer","DOID:2394","LINC00080; NCRNA00080; TI-227H"
"1149","MSNP1AS","autism spectrum disorder","DOID:0060041","N/A"
"1150","uc.345","pancreatic cancer","DOID:1793","N/A"
"1151","GATA6-AS1","chronic lymphocytic leukemia","DOID:1040","BM742401; locus5689"
"1153","CDKN2B-AS1","osteosarcoma","DOID:3347","ANRIL; CDKN2B-AS; CDKN2BAS; NCRNA00089; PCAT12; p15AS"
"1155","LOC285194","colorectal cancer","DOID:9256","N/A"
"1156","RP11-462C24.1","colorectal cancer","DOID:9256","N/A"
"1160","lncCAMTA1","liver cancer","DOID:3571","N/A"
"1161","ASAP1-IT1","ovarian cancer","DOID:2394","ASAP1-IT; ASAP1IT; ASAP1IT1; DDEF1IT1; HSPC054; NCRNA00050"
"1162","FAM215A","ovarian cancer","DOID:2394","APR-2; C17orf88; LINC00530"
"1163","LINC00472","ovarian cancer","DOID:2394","C6orf155"
"1165","NEAT1","endometrial cancer","DOID:1380","LINC00084; NCRNA00084; TncRNA; VINC"
"1166","RP11-248E9.5","pneumonia","DOID:552","LINC02258"
"1167","RP11-456D7.1","pneumonia","DOID:552","SKAP1-AS1"
"1168","CPS1-IT1","lung cancer","DOID:1324","CPS1-IT; CPS1IT; CPS1IT1; PRO0132"
"1169","HOTAIR","osteosarcoma","DOID:3347","HOXAS; HOXC-AS4; HOXC11-AS1; NCRNA00072"
"1170","HOTAIR","gastrointestinal stromal tumor","DOID:9253","HOXAS; HOXC-AS4; HOXC11-AS1; NCRNA00072"
"1171","TUG1","osteosarcoma","DOID:3347","LINC00080; NCRNA00080; TI-227H"
"1179","NONHSAT089447","schizophrenia","DOID:5419","N/A"
"1180","NONHSAT041499","schizophrenia","DOID:5419","N/A"
"1183","HNF1A-AS1","osteosarcoma","DOID:3347","C12orf27; NCRNA00262"
"1184","IRAIN","pancreatic cancer","DOID:1793","IGF1R-AS"
"1186","SPRY4-IT1","cervical cancer","DOID:4362","SPRIGHTLY"
"1187","PCBP2-OT1","tongue squamous cell carcinoma","DOID:0050865","TUC338"
"1188","CRNDE","gallbladder cancer","DOID:3121","CRNDE"
"1189","TUG1","colon cancer","DOID:219","LINC00080; NCRNA00080; TI-227H"
"1193","PANDAR","colorectal cancer","DOID:9256","PANDA"
"1195","AFAP1-AS1","pancreatic ductal adenocarcinoma","DOID:3498","AFAP1-AS; AFAP1AS"
"1196","UCA1","pancreatic ductal adenocarcinoma","DOID:3498","CUDR; LINC00178; NCRNA00178; UCAT1; onco-lncRNA-36"
"1197","LINC00339","pancreatic ductal adenocarcinoma","DOID:3498","HSPC157; NCRNA00339"
"1198","H19","pneumoconiosis","DOID:10316","ASM; ASM1; BWS; D11S813E; LINC00008; NCRNA00008; WT2"
"1199","LINC00520","breast cancer","DOID:1612","C14orf34"
"1200","NR_026689","ovarian cancer","DOID:2394","N/A"
"1201","HIF-2伪","osteosarcoma","DOID:3347","N/A"
"1202","SPRY4-IT1","colorectal cancer","DOID:9256","SPRIGHTLY"
"1205","CYTOR","breast cancer","DOID:1612","C2orf59; LINC00152; NCRNA00152"
"1206","RNCR3","diabetes mellitus","DOID:9351","N/A"
"1207","NKILA","tongue squamous cell carcinoma","DOID:0050865","N/A"
"1209","NEAT1","ovarian cancer","DOID:2394","LINC00084; NCRNA00084; TncRNA; VINC"
"1211","uc009yby.1","renal cell carcinoma","DOID:4450","N/A"
"1212","AC145110.1","breast cancer","DOID:1612","LINC02099"
"1213","RP1-13P20.6","colorectal cancer","DOID:9256","N/A"
"1216","LEF1-AS1","colorectal cancer","DOID:9256","LEF1NAT"
"1217","LINC00460","colorectal cancer","DOID:9256","N/A"
"1220","MALAT1","tongue squamous cell carcinoma","DOID:0050865","HCN; LINC00047; NCRNA00047; NEAT2; PRO2853"
"1223","AFAP1-AS1","colorectal cancer","DOID:9256","AFAP1-AS; AFAP1AS"
"1225","HOXC-AS1","atherosclerosis","DOID:1936","N/A"
"1226","ZFAS1","hepatocellular carcinoma","DOID:684","C20orf199; HSUP1; HSUP2; NCRNA00275; ZNFX1-AS1"
"1228","CCAT1","lung adenocarcinoma","DOID:3910","CARLo-5; onco-lncRNA-40"
"1230","LOC100505976","laryngeal squamous cell carcinoma","DOID:2876","N/A"
"1231","XLOC_l2_010636","laryngeal squamous cell carcinoma","DOID:2876","N/A"
"1232","MALAT1","ovarian cancer","DOID:2394","HCN; LINC00047; NCRNA00047; NEAT2; PRO2853"
"1233","MALAT1","melanoma","DOID:1909","HCN; LINC00047; NCRNA00047; NEAT2; PRO2853"
"1235","CCAT2","prostate cancer","DOID:10283","LINC00873; NCCP1"
"1238","lncRNA-ATB","pneumoconiosis","DOID:10316","N/A"
"1239","LINC01138","prostate cancer","DOID:10283","LINC00875"
"1240","SUZ12P1","prostate cancer","DOID:10283","SUZ12P1"
"1241","NEAT1","breast cancer","DOID:1612","LINC00084; NCRNA00084; TncRNA; VINC"
"1242","91H","osteosarcoma","DOID:3347","N/A"
"1243","SLC25A25-AS1","colorectal cancer","DOID:9256","N/A"
"1245","HOTAIR","papillary thyroid carcinoma","DOID:3969","HOXAS; HOXC-AS4; HOXC11-AS1; NCRNA00072"
"1247","SNHG20","colorectal cancer","DOID:9256","C17orf86; LINC00338; NCRNA00338; SCARNA16HG"
"1250","UCA1","endometrial cancer","DOID:1380","CUDR; LINC00178; NCRNA00178; UCAT1; onco-lncRNA-36"
"1252","MIR22HG","ovarian cancer","DOID:2394","C17orf91"
"1253","SNHG6","hepatocellular carcinoma","DOID:684","HBII-276HG; NCRNA00058; U87HG"
"1254","UFC1","osteoarthritis","DOID:8398","N/A"
"1256","MIAT","chronic lymphocytic leukemia","DOID:1040","C22orf35; GOMAFU; LINC00066; NCRNA00066; RNCR2; lncRNA-MIAT"
"1259","RBM5-AS1/LUST","colon cancer","DOID:219","N/A"
"1260","linc-223","acute myeloid leukemia","DOID:9119","N/A"
"1261","SNHG1","neuroblastoma","DOID:769","LINC00057; NCRNA00057; U22HG; UHG; lncRNA16"
"1263","MFI2","osteosarcoma","DOID:3347","N/A"
"1264","POIR","periodontitis","DOID:824","N/A"
"1266","LOC729966","papillary thyroid carcinoma","DOID:3969","N/A"
"1267","CDKN2B-AS1","thyroid cancer","DOID:1781","ANRIL; CDKN2B-AS; CDKN2BAS; NCRNA00089; PCAT12; p15AS"
"1269","CHRF","silicosis","DOID:10325","N/A"
"1276","TCL6","renal cell carcinoma","DOID:4450","TNG1; TNG2"
"1278","RBMY2FP","hepatocellular carcinoma","DOID:684","RBMY2FP"
"1279","RSU1P2","cervical cancer","DOID:4362","RSU1P2"
"1280","MELOE","melanoma","DOID:1909","N/A"
"1283","LINC01089","breast cancer","DOID:1612","LIMT"
"1285","PVT1","asthma","DOID:2841","LINC00079; MYC; NCRNA00079; onco-lncRNA-100"
"1286","NEAT1","systemic lupus erythematosus","DOID:9074","LINC00084; NCRNA00084; TncRNA; VINC"
"1287","MEG3","endometrial cancer","DOID:1380","FP504; GTL2; LINC00023; NCRNA00023; PRO0518; PRO2160; onco-lncRNA-83; prebp1"
"1290","TMSB4","osteoarthritis","DOID:8398","N/A"
"1291","P2RX7-V3","uveal melanoma","DOID:6039","N/A"
"1295","BANCR","papillary thyroid carcinoma","DOID:3969","LINC00586"
"1297","ZFAS1","colorectal cancer","DOID:9256","C20orf199; HSUP1; HSUP2; NCRNA00275; ZNFX1-AS1"
"1301","RPLP0P2","lung adenocarcinoma","DOID:3910","RPLP0P2"
"1302","BCAR4","osteosarcoma","DOID:3347","N/A"
"1311","PCAT6","lung cancer","DOID:1324","KDM5B-AS1; KDM5BAS1; PCAN-R1; ncRNA-a2; onco-lncRNA-96"
"1314","GCASPC","gallbladder cancer","DOID:3121","N/A"
"1315","uc.63","breast cancer","DOID:1612","N/A"
"1317","NEAT1","leukemia","DOID:1240","LINC00084; NCRNA00084; TncRNA; VINC"
"1321","LINC01133","colorectal cancer","DOID:9256","N/A"
"1324","GAS5","hypertension","DOID:10763","NCRNA00030; SNHG2"
"1326","CCAT1","endometrial cancer","DOID:1380","CARLo-5; onco-lncRNA-40"
"1327","CASC9","esophageal cancer","DOID:5041","ESCCAL-1; ESSCAL1; LINC00981"
"1330","uc004cov.4","hypertrophic cardiomyopathy","DOID:11984","N/A"
"1331","uc022bqu.1","hypertrophic cardiomyopathy","DOID:11984","N/A"
"1332","TUG1","colorectal cancer","DOID:9256","LINC00080; NCRNA00080; TI-227H"
"1335","GAS5","colorectal cancer","DOID:9256","NCRNA00030; SNHG2"
"1336","LINC00538","colorectal cancer","DOID:9256","PROX1UT; Yiya"
"1337","CLMAT3","colorectal cancer","DOID:9256","N/A"
"1339","MIAT","Alzheimer's disease","DOID:10652","C22orf35; GOMAFU; LINC00066; NCRNA00066; RNCR2; lncRNA-MIAT"
"1340","UCA1","melanoma","DOID:1909","CUDR; LINC00178; NCRNA00178; UCAT1; onco-lncRNA-36"
"1343","CRNDE","medulloblastoma","DOID:0050902","CRNDE"
"1344","FER1L4","endometrial cancer","DOID:1380","FER1L4"
"1345","RMST","breast cancer","DOID:1612","LINC00054; NCRMS; NCRNA00054"
"1350","PVT1","renal carcinoma","DOID:4451","LINC00079; MYC; NCRNA00079; onco-lncRNA-100"
"1357","TUG1","hepatoblastoma","DOID:687","LINC00080; NCRNA00080; TI-227H"
"1358","SOX2-OT","colorectal cancer","DOID:9256","NCRNA00043; SOX2OT"
"1360","LINC00052","hepatocellular carcinoma","DOID:684","NCRNA00052; TMEM83"
"1362","HOTTIP","osteosarcoma","DOID:3347","HOXA-AS6; HOXA13-AS1; NCRNA00213"
"1364","CCAT2","hepatocellular carcinoma","DOID:684","LINC00873; NCCP1"
"1365","MINCR","gallbladder cancer","DOID:3121","LINC01604"
"1367","SOCS2-AS1","prostate cancer","DOID:10283","N/A"
"1371","TUG1","hepatocellular carcinoma","DOID:684","LINC00080; NCRNA00080; TI-227H"
"1375","NEAT1_2","amyotrophic lateral sclerosis","DOID:332","NEAT1_2"
"1376","MALAT1","amyotrophic lateral sclerosis","DOID:332","HCN; LINC00047; NCRNA00047; NEAT2; PRO2853"
"1377","UCHL1-AS1","Parkinson's disease","DOID:14330","N/A"
"1380","HAR1","Huntington's disease","DOID:12858","N/A"
"1385","CAT104","breast cancer","DOID:1612","N/A"
"1386","LINC01234","breast cancer","DOID:1612","LCAL84; onco-lncRNA-32"
"1387","STXBP5-AS1","breast cancer","DOID:1612","N/A"
"1388","MEG3","lung adenocarcinoma","DOID:3910","FP504; GTL2; LINC00023; NCRNA00023; PRO0518; PRO2160; onco-lncRNA-83; prebp1"
"1389","MIAT","lung adenocarcinoma","DOID:3910","C22orf35; GOMAFU; LINC00066; NCRNA00066; RNCR2; lncRNA-MIAT"
"1390","LINC00115","lung adenocarcinoma","DOID:3910","NCRNA00115"
"1392","HMlincRNA717","pancreatic cancer","DOID:1793","N/A"
"1393","MAPT-AS1","Parkinson's disease","DOID:14330","N/A"
"1394","UCA1","osteosarcoma","DOID:3347","CUDR; LINC00178; NCRNA00178; UCAT1; onco-lncRNA-36"
"1398","TUG1","renal cell carcinoma","DOID:4450","LINC00080; NCRNA00080; TI-227H"
"1399","CAR10","lung cancer","DOID:1324","N/A"
"1404","CDKN2B-AS1","colorectal cancer","DOID:9256","ANRIL; CDKN2B-AS; CDKN2BAS; NCRNA00089; PCAT12; p15AS"
"1414","CCAT2","ovarian cancer","DOID:2394","LINC00873; NCCP1"
"1415","SPRY4-IT1","hepatocellular carcinoma","DOID:684","SPRIGHTLY"
"1430","LINC00673","pancreatic ductal adenocarcinoma","DOID:3498","HI-LNC75; HILNC75; LUCAIR1; SLNCR; SLNCR1"
"1432","GAPLINC","colorectal cancer","DOID:9256","LINC01540"
"1435","CASC8","lung cancer","DOID:1324","N/A"
"1436","CPS1-IT1","hepatocellular carcinoma","DOID:684","CPS1-IT; CPS1IT; CPS1IT1; PRO0132"
"1450","lnc-尾-Catm","hepatocellular carcinoma","DOID:684","N/A"
"1454","APOC1P1-3","breast cancer","DOID:1612","N/A"
"1456","PAX8-AS1","cervical cancer","DOID:4362","N/A"
"1457","lnc-CC3","cervical cancer","DOID:4362","N/A"
"1458","AK021595","lung cancer","DOID:1324","N/A"
"1459","BC030759","lung cancer","DOID:1324","N/A"
"1460","AK000053","lung cancer","DOID:1324","N/A"
"1461","AK124307","lung cancer","DOID:1324","N/A"
"1462","BC020384","lung cancer","DOID:1324","N/A"
"1463","AK022024","lung cancer","DOID:1324","N/A"
"1464","CR615992","lung cancer","DOID:1324","N/A"
"1465","AF085995","lung cancer","DOID:1324","N/A"
"1466","CASC2","renal cell carcinoma","DOID:4450","C10orf5"
"1468","CCAT2","oral squamous cell carcinoma","DOID:0050866","LINC00873; NCCP1"
"1469","ZNF582-AS1","colorectal cancer","DOID:9256","N/A"
"1471","PAUPAR","uveal melanoma","DOID:6039","N/A"
"1472","LINC00673","pancreatic cancer","DOID:1793","HI-LNC75; HILNC75; LUCAIR1; SLNCR; SLNCR1"
"1473","CCAT1","lung cancer","DOID:1324","CARLo-5; onco-lncRNA-40"
"1474","SNHG15","hepatocellular carcinoma","DOID:684","C7orf40; Linc-Myo1g; MYO1GUT"
"1475","LINC00673","melanoma","DOID:1909","HI-LNC75; HILNC75; LUCAIR1; SLNCR; SLNCR1"
"1478","CASC2","colorectal cancer","DOID:9256","C10orf5"
"1479","BCAR4","colorectal cancer","DOID:9256","N/A"
"1483","LOC100130476","gastric cardia adenocarcinoma","DOID:6271","N/A"
"1492","CYTOR","renal cell carcinoma","DOID:4450","C2orf59; LINC00152; NCRNA00152"
"1494","H19","osteosarcoma","DOID:3347","ASM; ASM1; BWS; D11S813E; LINC00008; NCRNA00008; WT2"
"1495","lnc-ZNF354A-1","ankylosing spondylitis","DOID:7147","N/A"
"1496","lnc-LIN54-1","ankylosing spondylitis","DOID:7147","N/A"
"1497","lnc-FRG2C-3","ankylosing spondylitis","DOID:7147","N/A"
"1498","lnc-USP50-2","ankylosing spondylitis","DOID:7147","N/A"
"1499","ATB","prostate cancer","DOID:10283","N/A"
"1501","RMEL3","melanoma","DOID:1909","N/A"
"1502","UCA1","liver cancer","DOID:3571","CUDR; LINC00178; NCRNA00178; UCAT1; onco-lncRNA-36"
"1504","ZNRD1-AS1","lung cancer","DOID:1324","N/A"
"1506","SAMMSON","melanoma","DOID:1909","LINC01212"
"1510","uc.388","colorectal cancer","DOID:9256","N/A"
"1513","uc.338","hepatocellular carcinoma","DOID:684","N/A"
"1515","LOC100507661","thyroid cancer","DOID:1781","N/A"
"1516","AL049437","Parkinson's disease","DOID:14330","N/A"
"1517","AK021630","Parkinson's disease","DOID:14330","N/A"
"1520","HOTAIRM1","acute promyelocytic leukemia","DOID:0060318","HOXA-AS1; HOXA1-AS1; NCRNA00179"
"1524","AK033210","bronchopulmonary dysplasia","DOID:11650","N/A"
"1528","CCAT1","hepatocellular carcinoma","DOID:684","CARLo-5; onco-lncRNA-40"
"1529","SNHG1","hepatocellular carcinoma","DOID:684","LINC00057; NCRNA00057; U22HG; UHG; lncRNA16"
"1530","GHET1","colorectal cancer","DOID:9256","lncRNA-GHET1"
"1532","HOTAIR","diffuse large B-cell lymphoma","DOID:0050745","HOXAS; HOXC-AS4; HOXC11-AS1; NCRNA00072"
"1534","lncARSR","renal cell carcinoma","DOID:4450","N/A"
"1536","LINP1","breast cancer","DOID:1612","N/A"
"1539","AB073614","ovarian cancer","DOID:2394","N/A"
"1543","MIAT","prostate cancer","DOID:10283","C22orf35; GOMAFU; LINC00066; NCRNA00066; RNCR2; lncRNA-MIAT"
"1544","CDKN2B-AS1","ovarian cancer","DOID:2394","ANRIL; CDKN2B-AS; CDKN2BAS; NCRNA00089; PCAT12; p15AS"
"1546","H19","thyroid cancer","DOID:1781","ASM; ASM1; BWS; D11S813E; LINC00008; NCRNA00008; WT2"
"1549","HNF1A-AS1","hepatocellular carcinoma","DOID:684","C12orf27; NCRNA00262"
"1550","LOC101926975","Hirschsprung's disease","DOID:10487","N/A"
"1552","RP4-799P18.3","ovarian cancer","DOID:2394","AL122008.4"
"1553","PTPRD-AS1","ovarian cancer","DOID:2394","N/A"
"1554","RP11-57P19.1","ovarian cancer","DOID:2394","AC009432.1"
"1555","RP11-307C12.11","ovarian cancer","DOID:2394","DCST1-AS1"
"1556","RP11-254I22.1","ovarian cancer","DOID:2394","MIR583HG"
"1557","RP11-80H5.7","ovarian cancer","DOID:2394","AL157400.4"
"1558","RP1-223E5.4","ovarian cancer","DOID:2394","AL441883.1"
"1559","GACAT3","ovarian cancer","DOID:2394","LINC01458; lncRNA-AC130710"
"1561","LINC-ROR","colon cancer","DOID:219","ROR; lincRNA-RoR"
"1563","FTX","hepatocellular carcinoma","DOID:684","LINC00182; MIR374AHG; NCRNA00182"
"1565","HOTTIP","prostate cancer","DOID:10283","HOXA-AS6; HOXA13-AS1; NCRNA00213"
"1568","HOTTIP","pancreatic ductal adenocarcinoma","DOID:3498","HOXA-AS6; HOXA13-AS1; NCRNA00213"
"1569","MALAT1","pancreatic ductal adenocarcinoma","DOID:3498","HCN; LINC00047; NCRNA00047; NEAT2; PRO2853"
"1573","SNHG20","hepatocellular carcinoma","DOID:684","C17orf86; LINC00338; NCRNA00338; SCARNA16HG"
"1574","Z38","breast cancer","DOID:1612","N/A"
"1575","BANCR","osteosarcoma","DOID:3347","LINC00586"
"1578","UCA1","colorectal cancer","DOID:9256","CUDR; LINC00178; NCRNA00178; UCAT1; onco-lncRNA-36"
"1579","HULC","diffuse large B-cell lymphoma","DOID:0050745","HCCAT1; LINC00078; NCRNA00078"
"1581","MALAT1","proliferative vitreoretinopathy","DOID:9719","HCN; LINC00047; NCRNA00047; NEAT2; PRO2853"
"1582","MIAT","diabetic retinopathy","DOID:8947","C22orf35; GOMAFU; LINC00066; NCRNA00066; RNCR2; lncRNA-MIAT"
"1583","BANCR","retinoblastoma","DOID:768","LINC00586"
"1584","MEG3","retinoblastoma","DOID:768","FP504; GTL2; LINC00023; NCRNA00023; PRO0518; PRO2160; onco-lncRNA-83; prebp1"
"1586","CRNDE-h","colorectal cancer","DOID:9256","N/A"
"1595","PCAT1","hepatocellular carcinoma","DOID:684","PCA1; PCAT-1"
"1596","MIR100HG","cervical cancer","DOID:4362","AGD1; linc-NeD125; lncRNA-N2"
"1597","AC024560.2","cervical cancer","DOID:4362","AC024560.1"
"1599","CTD903","colorectal cancer","DOID:9256","N/A"
"1600","lnc13","celiac disease","DOID:10608","N/A"
"1601","NEAT1","multiple sclerosis","DOID:2377","LINC00084; NCRNA00084; TncRNA; VINC"
"1602","TUG1","multiple sclerosis","DOID:2377","LINC00080; NCRNA00080; TI-227H"
"1603","RN7SK","multiple sclerosis","DOID:2377","7SK"
"1609","ATB","hepatocellular carcinoma","DOID:684","N/A"
"1612","MIR503HG","choriocarcinoma","DOID:3594","H19X2; MIR503HG"
"1613","LINC00629","choriocarcinoma","DOID:3594","LINC00629AB; LINC00629C; LINC00629D; LINC00629"
"1614","CILinc01","osteoarthritis","DOID:8398","N/A"
"1615","CILinc02","osteoarthritis","DOID:8398","N/A"
"1616","PACERR","osteoarthritis","DOID:8398","PACER; PTGS2-AS1"
"1617","FGFR3-AS1","osteosarcoma","DOID:3347","N/A"
"1618","H19","Parkinson's disease","DOID:14330","ASM; ASM1; BWS; D11S813E; LINC00008; NCRNA00008; WT2"
"1620","SNHG1","Parkinson's disease","DOID:14330","LINC00057; NCRNA00057; U22HG; UHG; lncRNA16"
"1621","NEAT1","Parkinson's disease","DOID:14330","LINC00084; NCRNA00084; TncRNA; VINC"
"1626","CASC11","colorectal cancer","DOID:9256","CARLo-7; LINC00990; TCONS_00014535"
"1627","TINCR","colorectal cancer","DOID:9256","LINC00036; NCRNA00036; PLAC2; onco-lncRNA-16"
"1630","TUSC7","hepatocellular carcinoma","DOID:684","LINC00902; LSAMP-AS1; LSAMP-AS3; LSAMPAS3; NCRNA00295"
"1638","DANCR","osteosarcoma","DOID:3347","AGU2; ANCR; KIAA0114; SNHG13; lncRNA-ANCR"
"1639","CCAT2","cervical cancer","DOID:4362","LINC00873; NCCP1"
"1641","HULC","atherosclerosis","DOID:1936","HCCAT1; LINC00078; NCRNA00078"
"1642","EPB41L4A-AS2","breast cancer","DOID:1612","N/A"
"1643","EPB41L4A-AS2","kidney cancer","DOID:263","N/A"
"1644","EPB41L4A-AS2","lung cancer","DOID:1324","N/A"
"1645","HOTAIR","Parkinson's disease","DOID:14330","HOXAS; HOXC-AS4; HOXC11-AS1; NCRNA00072"
"1646","TUG1","prostate cancer","DOID:10283","LINC00080; NCRNA00080; TI-227H"
"1647","CTB-89H12.4","prostate cancer","DOID:10283","AC021078.1"
"1648","ucoo2kmd.1","colorectal cancer","DOID:9256","N/A"
"1649","SARCC","renal cell carcinoma","DOID:4450","N/A"
"1650","SRA","breast cancer","DOID:1612","N/A"
"1651","EVI1","hepatocellular carcinoma","DOID:684","N/A"
"1655","HOTAIR","prostate cancer","DOID:10283","HOXAS; HOXC-AS4; HOXC11-AS1; NCRNA00072"
"1661","TCONS_00003876","breast cancer","DOID:1612","N/A"
"1662","lnc-HOXC4-3:1","breast cancer","DOID:1612","N/A"
"1663","lnc-TEAD4-1:1","breast cancer","DOID:1612","N/A"
"1664","MIAT","dilated cardiomyopathy","DOID:12930","C22orf35; GOMAFU; LINC00066; NCRNA00066; RNCR2; lncRNA-MIAT"
"1665","RGMB-AS1","lung adenocarcinoma","DOID:3910","N/A"
"1666","UCA1","acute myocardial infarction","DOID:9408","CUDR; LINC00178; NCRNA00178; UCAT1; onco-lncRNA-36"
"1668","CDKN2B-AS1","hypertension","DOID:10763","ANRIL; CDKN2B-AS; CDKN2BAS; NCRNA00089; PCAT12; p15AS"
"1670","NORAD","breast cancer","DOID:1612","LINC00657"
"1671","GAS8-AS1","papillary thyroid carcinoma","DOID:3969","C16orf3"
"1673","BC012900","ulcerative colitis","DOID:8577","N/A"
"1675","UCA1","renal cell carcinoma","DOID:4450","CUDR; LINC00178; NCRNA00178; UCAT1; onco-lncRNA-36"
"1679","DQ786243","colorectal cancer","DOID:9256","N/A"
"1680","TRIM52-AS1","renal cell carcinoma","DOID:4450","N/A"
"1681","MEG3","colorectal cancer","DOID:9256","FP504; GTL2; LINC00023; NCRNA00023; PRO0518; PRO2160; onco-lncRNA-83; prebp1"
"1683","LINC00636","breast cancer","DOID:1612","N/A"
"1684","LINC01405","breast cancer","DOID:1612","N/A"
"1685","ADARB2-AS1","breast cancer","DOID:1612","C10orf109; NCRNA00168; bA466B20.1"
"1686","ST8SIA6-AS1","breast cancer","DOID:1612","N/A"
"1687","LINC00511","breast cancer","DOID:1612","LCAL5; onco-lncRNA-12"
"1688","DPP10-AS1","breast cancer","DOID:1612","N/A"
"1690","TERC","lung squamous cell carcinoma","DOID:3907","DKCA1; PFBMFT2; SCARNA19; TR; TRC3; hTR"
"1691","PANDAR","breast cancer","DOID:1612","PANDA"
"1694","CYP4B1-PS1","diabetic nephropathy","DOID:2370","N/A"
"1695","CCAT1","acute myeloid leukemia","DOID:9119","CARLo-5; onco-lncRNA-40"
"1696","HIF1A-AS2","breast cancer","DOID:1612","3'aHIF-1A; aHIF"
"1697","AK124454","breast cancer","DOID:1612","N/A"
"1699","LCAL6","lung adenocarcinoma","DOID:3910","N/A"
"1703","NEAT1","gastric adenocarcinoma","DOID:3717","LINC00084; NCRNA00084; TncRNA; VINC"
"1704","RP11-434D9.1","breast cancer","DOID:1612","AC112206.2"
"1705","LINC00052","breast cancer","DOID:1612","NCRNA00052; TMEM83"
"1706","BC016831","breast cancer","DOID:1612","N/A"
"1707","IGKV","breast cancer","DOID:1612","N/A"
"1710","NONHSAT040387","atrial fibrillation","DOID:0060224","N/A"
"1711","NONHSAT098586","atrial fibrillation","DOID:0060224","N/A"
"1712","NR_026689","lung cancer","DOID:1324","N/A"
"1713","CBR3-AS1","hepatocellular carcinoma","DOID:684","PlncRNA-1; PlncRNA1"
"1714","lnc-LAMC2-1:1","colorectal cancer","DOID:9256","N/A"
"1715","LINC-ROR","pancreatic cancer","DOID:1793","ROR; lincRNA-RoR"
"1718","MIF-AS1","nephrolithiasis","DOID:585","MIF-AS"
"1722","AFAP1-AS1","hepatocellular carcinoma","DOID:684","AFAP1-AS; AFAP1AS"
"1727","MEG3","tongue squamous cell carcinoma","DOID:0050865","FP504; GTL2; LINC00023; NCRNA00023; PRO0518; PRO2160; onco-lncRNA-83; prebp1"
"1728","AK021954","atherosclerosis","DOID:1936","N/A"
"1729","UCA1","colon cancer","DOID:219","CUDR; LINC00178; NCRNA00178; UCAT1; onco-lncRNA-36"
"1735","LET","renal cell carcinoma","DOID:4450","N/A"
"1736","PVT1","renal cell carcinoma","DOID:4450","LINC00079; MYC; NCRNA00079; onco-lncRNA-100"
"1737","PANDAR","renal cell carcinoma","DOID:4450","PANDA"
"1738","PTENP1","renal cell carcinoma","DOID:4450","PTENP1"
"1739","LINC00963","renal cell carcinoma","DOID:4450","N/A"
"1741","H19","laryngeal squamous cell carcinoma","DOID:2876","ASM; ASM1; BWS; D11S813E; LINC00008; NCRNA00008; WT2"
"1745","LncPPAR未","coronary artery disease","DOID:3393","N/A"
"1753","CASC15","basal cell carcinoma","DOID:2513","LINC00340; lnc-SOX4-1"
"1756","RP11-181G12.2","lung adenocarcinoma","DOID:3910","PRKCZ-AS1"
"1757","RP11-89K21","lung adenocarcinoma","DOID:3910","N/A"
"1758","OTTHUMT00000387022","coronary artery disease","DOID:3393","N/A"
"1763","MEG3","pancreatic cancer","DOID:1793","FP504; GTL2; LINC00023; NCRNA00023; PRO0518; PRO2160; onco-lncRNA-83; prebp1"
"1765","FEZF1-AS1","colorectal cancer","DOID:9256","N/A"
"1767","lncRNA-ATB","renal cell carcinoma","DOID:4450","N/A"
"1769","SOX2-OT","lung cancer","DOID:1324","NCRNA00043; SOX2OT"
"1770","MEG3","diabetes mellitus","DOID:9351","FP504; GTL2; LINC00023; NCRNA00023; PRO0518; PRO2160; onco-lncRNA-83; prebp1"
"1775","FALEC","thyroid cancer","DOID:1781","FAL1; LINC00568; ncRNA-a1"
"1777","ENST00000537266","papillary thyroid carcinoma","DOID:3969","N/A"
"1778","HAGLROS","papillary thyroid carcinoma","DOID:3969","N/A"
"1779","uc.77","idiopathic pulmonary fibrosis","DOID:0050156","N/A"
"1780","2700086A05Rik","idiopathic pulmonary fibrosis","DOID:0050156","2700086A05Rik"
"1781","MEG3","osteosarcoma","DOID:3347","FP504; GTL2; LINC00023; NCRNA00023; PRO0518; PRO2160; onco-lncRNA-83; prebp1"
"1787","PCAT2","prostate cancer","DOID:10283","CARLo-4; PCA2; TCONS_00015167"
"1788","NEAT1","laryngeal squamous cell carcinoma","DOID:2876","LINC00084; NCRNA00084; TncRNA; VINC"
"1789","FGF14-AS2","breast cancer","DOID:1612","N/A"
"1790","AK027294","colorectal cancer","DOID:9256","N/A"
"1791","MEG3","gallbladder cancer","DOID:3121","FP504; GTL2; LINC00023; NCRNA00023; PRO0518; PRO2160; onco-lncRNA-83; prebp1"
"1792","CDKN2B-AS1","gallbladder cancer","DOID:3121","ANRIL; CDKN2B-AS; CDKN2BAS; NCRNA00089; PCAT12; p15AS"
"1793","DILC","liver cancer","DOID:3571","N/A"
"1796","RP11-395G23.3","endometrial cancer","DOID:1380","AC027031.2"
"1797","LA16c-313D11.11","endometrial cancer","DOID:1380","N/A"
"1799","GFR伪","Hirschsprung's disease","DOID:10487","N/A"
"1807","LOC400891","prostate cancer","DOID:10283","N/A"
"1808","lnc-MX1-1","prostate cancer","DOID:10283","N/A"
"1809","LUNAR1","diffuse large B-cell lymphoma","DOID:0050745","N/A"
"1810","LINC00635","lung cancer","DOID:1324","N/A"
"1811","CASC2","lung cancer","DOID:1324","C10orf5"
"1812","BACE1-AS","ovarian cancer","DOID:2394","BACE1-AS1; BACE1AS; NCRNA00177"
"1816","PCAT1","lung cancer","DOID:1324","PCA1; PCAT-1"
"1817","UPAT","colon cancer","DOID:219","N/A"
"1818","UHRF1","colon cancer","DOID:219","N/A"
"1819","NONHSAT123350","renal clear cell carcinoma","DOID:4467","N/A"
"1820","MHRT","acute myocardial infarction","DOID:9408","Myheart"
"1821","BANCR","hepatocellular carcinoma","DOID:684","LINC00586"
"1824","NUTF2P3","pancreatic cancer","DOID:1793","NUTF2P3"
"1828","HOTTIP","lung cancer","DOID:1324","HOXA-AS6; HOXA13-AS1; NCRNA00213"
"1829","CCAT2","lung cancer","DOID:1324","LINC00873; NCCP1"
"1833","CDKN2B-AS1","lung cancer","DOID:1324","ANRIL; CDKN2B-AS; CDKN2BAS; NCRNA00089; PCAT12; p15AS"
"1837","MALAT1","pre-eclampsia","DOID:10591","HCN; LINC00047; NCRNA00047; NEAT2; PRO2853"
"1845","LOC389641","pancreatic ductal adenocarcinoma","DOID:3498","N/A"
"1848","GAS5","hepatocellular carcinoma","DOID:684","NCRNA00030; SNHG2"
"1853","LINC01207","lung adenocarcinoma","DOID:3910","N/A"
"1858","HOTAIRM1","pancreatic ductal adenocarcinoma","DOID:3498","HOXA-AS1; HOXA1-AS1; NCRNA00179"
"1861","GAS5","type 2 diabetes mellitus","DOID:9352","NCRNA00030; SNHG2"
"1862","uc001ncr","hepatocellular carcinoma","DOID:684","N/A"
"1863","AX800134","hepatocellular carcinoma","DOID:684","N/A"
"1864","C5T1","rheumatoid arthritis","DOID:7148","N/A"
"1865","ICR","hepatocellular carcinoma","DOID:684","N/A"
"1866","ICAM-1","hepatocellular carcinoma","DOID:684","N/A"
"1874","XLOC_011402","polycystic ovary syndrome","DOID:11612","N/A"
"1875","ENST00000454271","polycystic ovary syndrome","DOID:11612","AL021940.1"
"1876","ENST00000433673","polycystic ovary syndrome","DOID:11612","AC068282.1"
"1877","LINC01828","polycystic ovary syndrome","DOID:11612","N/A"
"1878","ENST00000432431","polycystic ovary syndrome","DOID:11612","AC023128.1"
"1880","lncRNA-HIF2PUT","colorectal cancer","DOID:9256","N/A"
"1882","FENDRR","lung cancer","DOID:1324","FOXF1-AS1; TCONS_00024240; lincFOXF1; onco-lncRNA-21"
"1883","SGO1-AS1","lung cancer","DOID:1324","SGOL1-AS1"
"1884","NR_024118","rheumatoid arthritis","DOID:7148","N/A"
"1886","53BP1","breast cancer","DOID:1612","N/A"
"1891","GAS5","lung cancer","DOID:1324","NCRNA00030; SNHG2"
"1893","RP11-284N8.3.1","ovarian cancer","DOID:2394","N/A"
"1894","AC104699.1.1","ovarian cancer","DOID:2394","N/A"
"1895","FTX","colorectal cancer","DOID:9256","LINC00182; MIR374AHG; NCRNA00182"
"1896","HOTAIR","acute myeloid leukemia","DOID:9119","HOXAS; HOXC-AS4; HOXC11-AS1; NCRNA00072"
"1899","AC002454.1","endometriosis","DOID:289","AC002454.1"
"1901","DANCR","colorectal cancer","DOID:9256","AGU2; ANCR; KIAA0114; SNHG13; lncRNA-ANCR"
"1905","AK056155","Loeys-Dietz syndrome","DOID:0050466","N/A"
"1908","BX647187","prostate cancer","DOID:10283","N/A"
"1909","NONHSAT037832","papillary thyroid carcinoma","DOID:3969","N/A"
"1912","lnc-ZNF180-2","renal clear cell carcinoma","DOID:4467","N/A"
"1914","linc-ITGB1","breast cancer","DOID:1612","N/A"
"1917","HOTAIR","head and neck squamous cell carcinoma","DOID:5520","HOXAS; HOXC-AS4; HOXC11-AS1; NCRNA00072"
"1924","LINC00472","breast cancer","DOID:1612","C6orf155"
"1925","CRNDE","ovarian cancer","DOID:2394","CRNDE"
"1934","MVIH","breast cancer","DOID:1612","N/A"
"1935","NEAT1","colorectal cancer","DOID:9256","LINC00084; NCRNA00084; TncRNA; VINC"
"1939","WRAP53","hepatocellular carcinoma","DOID:684","N/A"
"1943","UCA1","prostate cancer","DOID:10283","CUDR; LINC00178; NCRNA00178; UCAT1; onco-lncRNA-36"
"1945","MIR31HG","pancreatic ductal adenocarcinoma","DOID:3498","hsa-lnc-31"
"1949","PVT1","acute promyelocytic leukemia","DOID:0060318","LINC00079; MYC; NCRNA00079; onco-lncRNA-100"
"1953","LINC01419","hepatocellular carcinoma","DOID:684","LVCAT7; TCONS_00014497"
"1954","AK021443","hepatocellular carcinoma","DOID:684","N/A"
"1955","AF070632","hepatocellular carcinoma","DOID:684","N/A"
"1956","CYTOR","hepatocellular carcinoma","DOID:684","C2orf59; LINC00152; NCRNA00152"
"1960","PRNCR1","colorectal cancer","DOID:9256","CARLo-3; PCAT8"
"1962","MALAT1","oral squamous cell carcinoma","DOID:0050866","HCN; LINC00047; NCRNA00047; NEAT2; PRO2853"
"1967","GAS5","endometrial cancer","DOID:1380","NCRNA00030; SNHG2"
"1971","PCATs","prostate cancer","DOID:10283","N/A"
"1973","SPRY4-IT1","prostate cancer","DOID:10283","SPRIGHTLY"
"1974","TRPM2-AS","prostate cancer","DOID:10283","TRPM2-AS1"
"1976","CPS1-IT1","intrahepatic cholangiocarcinoma","DOID:4928","CPS1-IT; CPS1IT; CPS1IT1; PRO0132"
"1979","CECR7","hepatocellular carcinoma","DOID:684","SAHL1"
"1980","LINC00346","hepatocellular carcinoma","DOID:684","C13orf29; NCRNA00346"
"1981","MAPKAPK5-AS1","hepatocellular carcinoma","DOID:684","C12orf47"
"1982","LOC338651","hepatocellular carcinoma","DOID:684","N/A"
"1983","FLJ90757","hepatocellular carcinoma","DOID:684","N/A"
"1984","LOC283663","hepatocellular carcinoma","DOID:684","N/A"
"1986","ATB","colon cancer","DOID:219","N/A"
"1987","SNHG12","osteosarcoma","DOID:3347","ASLNC04080; C1orf79; LINC00100; NCRNA00100; PNAS-123"
"1991","GAS5","head and neck cancer","DOID:11934","NCRNA00030; SNHG2"
"1992","HOTAIR","pancreatic ductal adenocarcinoma","DOID:3498","HOXAS; HOXC-AS4; HOXC11-AS1; NCRNA00072"
"1993","ATB","pancreatic cancer","DOID:1793","N/A"
"1995","MIR100HG","neuroblastoma","DOID:769","AGD1; linc-NeD125; lncRNA-N2"
"1996","PACERR","osteosarcoma","DOID:3347","PACER; PTGS2-AS1"
"2000","CCAT1","breast cancer","DOID:1612","CARLo-5; onco-lncRNA-40"
"2003","FOXC2-AS1","osteosarcoma","DOID:3347","ODRUL"
"2004","FENDRR","osteosarcoma","DOID:3347","FOXF1-AS1; TCONS_00024240; lincFOXF1; onco-lncRNA-21"
"2006","WT1-AS","hepatocellular carcinoma","DOID:684","WIT-1; WIT11; WT1AS; WT1-AS"
"2009","TDRG1","aplastic anemia","DOID:12449","LINC00532"
"2016","lncTCF7","hepatocellular carcinoma","DOID:684","N/A"
"2017","NONHSAG011351","type 1 diabetes mellitus","DOID:9744","N/A"
"2021","FAM30A","gallbladder cancer","DOID:3121","C14orf110; HSPC053; KIAA0125"
"2023","RP11-567G11.1","pancreatic cancer","DOID:1793","LINC02041"
"2028","SNHG5","melanoma","DOID:1909","C6orf160; LINC00044; NCRNA00044; U50HG; bA33E24.2"
"2030","HOTAIRM1","acute myeloid leukemia","DOID:9119","HOXA-AS1; HOXA1-AS1; NCRNA00179"
"2032","HOXA11-AS","ovarian cancer","DOID:2394","HOXA-AS51; HOXA11AS; HOXA11S; NCRNA00076; HOXA11-AS"
"2033","PVT1","thyroid cancer","DOID:1781","LINC00079; MYC; NCRNA00079; onco-lncRNA-100"
"2034","LINC01016","breast cancer","DOID:1612","N/A"
"2035","LINC00160","breast cancer","DOID:1612","C21orf52; NCRNA00160"
"2036","lncRNA-Hh","breast cancer","DOID:1612","N/A"
"2037","lncRNA-DLEU1","breast cancer","DOID:1612","N/A"
"2038","H19","embryonal carcinoma","DOID:3308","ASM; ASM1; BWS; D11S813E; LINC00008; NCRNA00008; WT2"
"2040","TP73-AS1","multiple myeloma","DOID:9538","KIAA0495; PDAM"
"2041","SOX2-OT","breast cancer","DOID:1612","NCRNA00043; SOX2OT"
"2042","PTPRG-AS1","breast cancer","DOID:1612","N/A"
"2043","RASSF1-AS1","breast cancer","DOID:1612","ANRASSF1"
"2046","CDKN2B-AS1","cervical cancer","DOID:4362","ANRIL; CDKN2B-AS; CDKN2BAS; NCRNA00089; PCAT12; p15AS"
"2054","DBH-AS1","hepatocellular carcinoma","DOID:684","NCRNA00118"
"2057","UCA1","lung cancer","DOID:1324","CUDR; LINC00178; NCRNA00178; UCAT1; onco-lncRNA-36"
"2058","NBAT1","breast cancer","DOID:1612","CASC14; NBAT-1"
"2060","SNHG3","hepatocellular carcinoma","DOID:684","NCRNA00014; RNU17C; RNU17D; U17HG; U17HG-A; U17HG-AB"
"2064","LOC554202","colorectal cancer","DOID:9256","N/A"
"2069","MINCR","Burkitt lymphoma","DOID:8584","LINC01604"
"2070","TUSC7","acute myeloid leukemia","DOID:9119","LINC00902; LSAMP-AS1; LSAMP-AS3; LSAMPAS3; NCRNA00295"
"2072","PCGEM1","osteoarthritis","DOID:8398","LINC00071; NCRNA00071; PCAT9"
"2077","GAS5","lung adenocarcinoma","DOID:3910","NCRNA00030; SNHG2"
"2080","ZNRD1-AS1","cervical cancer","DOID:4362","N/A"
"2081","LINC01617","colorectal cancer","DOID:9256","C8orf23; NCRNA00249; XLOC_006844"
"2082","LOC152578","colorectal cancer","DOID:9256","N/A"
"2083","LINC01507","colorectal cancer","DOID:9256","XLOC_000303"
"2084","HOTAIR","gastric adenocarcinoma","DOID:3717","HOXAS; HOXC-AS4; HOXC11-AS1; NCRNA00072"
"2085","RP11-457M11.2","lung adenocarcinoma","DOID:3910","N/A"
"2088","KCNQ1OT1","breast cancer","DOID:1612","KCNQ1-AS2; KCNQ10T1; Kncq1; KvDMR1; KvLQT1-AS; LIT1; NCRNA00012"
"2093","n336934","Alzheimer's disease","DOID:10652","N/A"
"2094","LINC01616","Alzheimer's disease","DOID:10652","n341006"
"2098","LINC00675","pancreatic ductal adenocarcinoma","DOID:3498","N/A"
"2099","LOXL1-AS1","exfoliation syndrome","DOID:13641","N/A"
"2101","SPRY4-IT1","lung cancer","DOID:1324","SPRIGHTLY"
"2103","BANCR","colorectal cancer","DOID:9256","LINC00586"
"2104","LUADT1","lung adenocarcinoma","DOID:3910","N/A"
"2108","PCAT5","prostate cancer","DOID:10283","LINC01452; TPCAT-10-36067"
"2111","FTH1P3","oral squamous cell carcinoma","DOID:0050866","FTH1P3"
"2112","PDIA3F","oral squamous cell carcinoma","DOID:0050866","N/A"
"2113","GTF2IRD2P1","oral squamous cell carcinoma","DOID:0050866","GTF2IRD2P1"
"2118","EGFR-AS1","hepatocellular carcinoma","DOID:684","N/A"
"2127","SNHG1","astrocytoma","DOID:3069","LINC00057; NCRNA00057; U22HG; UHG; lncRNA16"
"2128","LINC01089","astrocytoma","DOID:3069","LIMT"
"2129","BC002811","astrocytoma","DOID:3069","N/A"
"2130","XLOC_010967","astrocytoma","DOID:3069","N/A"
"2134","AFAP1-AS1","lung cancer","DOID:1324","AFAP1-AS; AFAP1AS"
"2145","FER1L4","colon cancer","DOID:219","FER1L4"
"2146","MEG3","renal cell carcinoma","DOID:4450","FP504; GTL2; LINC00023; NCRNA00023; PRO0518; PRO2160; onco-lncRNA-83; prebp1"
"2147","TUNAR","breast cancer","DOID:1612","HI-LNC78; LINC00617; TUNA"
"2152","NEAT1","hepatocellular carcinoma","DOID:684","LINC00084; NCRNA00084; TncRNA; VINC"
"2157","LINC00313","lung cancer","DOID:1324","C21orf84; CH507-42P11.5; NCRNA00313"
"2160","H19","esophageal cancer","DOID:5041","ASM; ASM1; BWS; D11S813E; LINC00008; NCRNA00008; WT2"
"2166","AOC4P","hepatocellular carcinoma","DOID:684","AOC4P"
"2168","EGOT","breast cancer","DOID:1612","EGO; NCRNA00190"
"2169","TARID","kidney clear cell sarcoma","DOID:4880","EYA4-AS1"
"2177","lncRNA-AK058003","breast cancer","DOID:1612","N/A"
"2179","SOX2-OT","lung squamous cell carcinoma","DOID:3907","NCRNA00043; SOX2OT"
"2196","LK4P2","hepatocellular carcinoma","DOID:684","N/A"
"2197","CASC15","neuroblastoma","DOID:769","LINC00340; lnc-SOX4-1"
"2198","TCONS_l2_00001418","prostate cancer","DOID:10283","N/A"
"2199","TCONS_l2_00008237","prostate cancer","DOID:10283","N/A"
"2200","TCONS_l2_00011130","prostate cancer","DOID:10283","N/A"
"2201","TCONS_l2_00013175","prostate cancer","DOID:10283","N/A"
"2202","TCONS_l2_00022611","prostate cancer","DOID:10283","N/A"
"2203","TCONS_l2_00022670","prostate cancer","DOID:10283","N/A"
"2204","linc-PXN-1","prostate cancer","DOID:10283","N/A"
"2206","SOX2-OT","hepatocellular carcinoma","DOID:684","NCRNA00043; SOX2OT"
"2209","NBAT1","renal clear cell carcinoma","DOID:4467","CASC14; NBAT-1"
"2211","MEG3","osteoarthritis","DOID:8398","FP504; GTL2; LINC00023; NCRNA00023; PRO0518; PRO2160; onco-lncRNA-83; prebp1"
"2212","H19","endometriosis","DOID:289","ASM; ASM1; BWS; D11S813E; LINC00008; NCRNA00008; WT2"
"2215","XR_250621.1","breast cancer","DOID:1612","N/A"
"2216","NONHSAT125629","breast cancer","DOID:1612","N/A"
"2222","HOTTIP","tongue squamous cell carcinoma","DOID:0050865","HOXA-AS6; HOXA13-AS1; NCRNA00213"
"2224","PANDAR","hepatocellular carcinoma","DOID:684","PANDA"
"2227","UCA1","acute myeloid leukemia","DOID:9119","CUDR; LINC00178; NCRNA00178; UCAT1; onco-lncRNA-36"
"2228","DLX6-AS1","lung adenocarcinoma","DOID:3910","DLX6-AS; DLX6AS; Evf-2; NCRNA00212"
"2230","CDKN2B-AS1","hepatocellular carcinoma","DOID:684","ANRIL; CDKN2B-AS; CDKN2BAS; NCRNA00089; PCAT12; p15AS"
"2232","AF339813","pancreatic cancer","DOID:1793","N/A"
"2237","HOTTIP","Hirschsprung's disease","DOID:10487","HOXA-AS6; HOXA13-AS1; NCRNA00213"
"2241","CASC15","melanoma","DOID:1909","LINC00340; lnc-SOX4-1"
"2244","MEG3","thyroid cancer","DOID:1781","FP504; GTL2; LINC00023; NCRNA00023; PRO0518; PRO2160; onco-lncRNA-83; prebp1"
"2245","LINC00993","breast cancer","DOID:1612","N/A"
"2246","CCAL","colorectal cancer","DOID:9256","N/A"
"2248","LINC0949","systemic lupus erythematosus","DOID:9074","N/A"
"2254","NEAT1","chronic lymphocytic leukemia","DOID:1040","LINC00084; NCRNA00084; TncRNA; VINC"
"2260","DANCR","hepatocellular carcinoma","DOID:684","AGU2; ANCR; KIAA0114; SNHG13; lncRNA-ANCR"
"2261","BANCR","lung cancer","DOID:1324","LINC00586"
"2264","HULC","liver cirrhosis","DOID:5082","HCCAT1; LINC00078; NCRNA00078"
"2267","RP11-445H22.4","breast cancer","DOID:1612","KCNK15-AS1"
"2268","CCDC26","acute myeloid leukemia","DOID:9119","RAM"
"2273","CCEPR","cervical cancer","DOID:4362","CCHE1; lncRNA-CCHE1"
"2277","LINC00261","pancreatic cancer","DOID:1793","ALIEN; C20orf56; DEANR1; HCCDR1; NCRNA00261; onco-lncRNA-17"
"2278","CYTOR","pancreatic cancer","DOID:1793","C2orf59; LINC00152; NCRNA00152"
"2279","HNF1A-AS1","pancreatic cancer","DOID:1793","C12orf27; NCRNA00262"
"2280","AFAP1-AS1","pancreatic cancer","DOID:1793","AFAP1-AS; AFAP1AS"
"2285","ZXF2","lung adenocarcinoma","DOID:3910","N/A"
"2287","LINC01296","colorectal cancer","DOID:9256","N/A"
"2289","linc-ITGB1","gallbladder cancer","DOID:3121","N/A"
"2293","MIR4435-2HG","lung cancer","DOID:1324","AGD2; AK001796; LINC00978; MIR4435-1HG"
"2297","HULC","esophageal cancer","DOID:5041","HCCAT1; LINC00078; NCRNA00078"
"2298","ATB","breast cancer","DOID:1612","N/A"
"2301","H19","renal cell carcinoma","DOID:4450","ASM; ASM1; BWS; D11S813E; LINC00008; NCRNA00008; WT2"
"2303","HNF1A-AS1","lung adenocarcinoma","DOID:3910","C12orf27; NCRNA00262"
"2304","APF","myocardial infarction","DOID:5844","N/A"
"2307","Lnc_bc060912","lung cancer","DOID:1324","N/A"
"2310","lncTCF7","liver cancer","DOID:3571","N/A"
"2318","HOTAIR","pre-eclampsia","DOID:10591","HOXAS; HOXC-AS4; HOXC11-AS1; NCRNA00072"
"2333","NKILA","breast cancer","DOID:1612","N/A"
"2336","XIST","ovarian cancer","DOID:2394","DXS1089; DXS399E; LINC00001; NCRNA00001; SXI1; swd66"
"2337","LET","cervical cancer","DOID:4362","N/A"
"2340","MEG3","multiple myeloma","DOID:9538","FP504; GTL2; LINC00023; NCRNA00023; PRO0518; PRO2160; onco-lncRNA-83; prebp1"
"2344","SPRY4-IT1","breast cancer","DOID:1612","SPRIGHTLY"
"2347","LNC00964-3","colorectal cancer","DOID:9256","N/A"
"2356","RP11-160H22.5","hepatocellular carcinoma","DOID:684","AL121983.2"
"2357","XLOC_014172","hepatocellular carcinoma","DOID:684","N/A"
"2358","LOC149086","hepatocellular carcinoma","DOID:684","N/A"
"2361","DRAIC","lung adenocarcinoma","DOID:3910","N/A"
"2363","DRAIC","renal clear cell carcinoma","DOID:4467","N/A"
"2364","DRAIC","hepatocellular carcinoma","DOID:684","N/A"
"2365","DRAIC","skin melanoma","DOID:8923","N/A"
"2368","PCAT29","lung adenocarcinoma","DOID:3910","N/A"
"2370","PCAT29","renal clear cell carcinoma","DOID:4467","N/A"
"2371","PCAT29","hepatocellular carcinoma","DOID:684","N/A"
"2372","PCAT29","skin melanoma","DOID:8923","N/A"
"2373","SNHG12","endometrial cancer","DOID:1380","ASLNC04080; C1orf79; LINC00100; NCRNA00100; PNAS-123"
"2383","RP4-583P15.10","breast cancer","DOID:1612","AL121845.1"
"2388","CDKN2B-AS1","esophageal cancer","DOID:5041","ANRIL; CDKN2B-AS; CDKN2BAS; NCRNA00089; PCAT12; p15AS"
"2396","Abhd11os","Huntington's disease","DOID:12858","N/A"
"2397","PTENP1","hepatocellular carcinoma","DOID:684","PTENP1"
"2402","SRA","polycystic ovary syndrome","DOID:11612","N/A"
"2403","HIT","breast cancer","DOID:1612","N/A"
"2405","FR0348383","prostate cancer","DOID:10283","N/A"
"2410","CCAT1","gallbladder cancer","DOID:3121","CARLo-5; onco-lncRNA-40"
"2415","TCONS_00032546","atrial fibrillation","DOID:0060224","N/A"
"2416","TCONS_00026102","atrial fibrillation","DOID:0060224","N/A"
"2417","lincRNA-TSPAN8","hepatocellular carcinoma","DOID:684","N/A"
"2418","RP5-1014O16.1","hepatocellular carcinoma","DOID:684","AC244098.1"
"2420","LOC285194","pancreatic ductal adenocarcinoma","DOID:3498","N/A"
"2430","uc.343","osteoarthritis","DOID:8398","N/A"
"2432","HAGLR","neuroblastoma","DOID:769","HOXD-AS1; Mdgt"
"2437","LINC01018","hepatocellular carcinoma","DOID:684","SRHC"
"2439","uc003wbd","hepatocellular carcinoma","DOID:684","N/A"
"2440","AF085935","hepatocellular carcinoma","DOID:684","N/A"
"2448","LINC00974","hepatocellular carcinoma","DOID:684","N/A"
"2449","HOTAIR","gastric cardia adenocarcinoma","DOID:6271","HOXAS; HOXC-AS4; HOXC11-AS1; NCRNA00072"
"2452","IRAIN","breast cancer","DOID:1612","IGF1R-AS"
"2454","lncRNA-422","colorectal cancer","DOID:9256","N/A"
"2456","UFC1","hepatocellular carcinoma","DOID:684","N/A"
"2462","BC040587","breast cancer","DOID:1612","N/A"
"2463","HIF2PUT","osteosarcoma","DOID:3347","N/A"
"2466","HOTAIR","osteoarthritis","DOID:8398","HOXAS; HOXC-AS4; HOXC11-AS1; NCRNA00072"
"2467","GAS5","osteoarthritis","DOID:8398","NCRNA00030; SNHG2"
"2468","PMS2L2","osteoarthritis","DOID:8398","N/A"
"2469","RP11-445H22.4","osteoarthritis","DOID:8398","KCNK15-AS1"
"2470","H19","osteoarthritis","DOID:8398","ASM; ASM1; BWS; D11S813E; LINC00008; NCRNA00008; WT2"
"2471","CTD-2574D22.4","osteoarthritis","DOID:8398","AC120114.2"
"2476","R05532","colorectal cancer","DOID:9256","N/A"
"2478","NEAT1","prostate cancer","DOID:10283","LINC00084; NCRNA00084; TncRNA; VINC"
"2481","EWSAT1","Ewing sarcoma","DOID:3369","LINC00277; NCRNA00277; TMEM84"
"2484","GAS5","cervical cancer","DOID:4362","NCRNA00030; SNHG2"
"2486","ENSG00000261777","prostate cancer","DOID:10283","AC012184.3"
"2492","MALAT1","diabetic retinopathy","DOID:8947","HCN; LINC00047; NCRNA00047; NEAT2; PRO2853"
"2496","SPRY4-IT1","renal clear cell carcinoma","DOID:4467","SPRIGHTLY"
"2502","PTCSC2","papillary thyroid carcinoma","DOID:3969","N/A"
"2505","CERNA2","ovarian cancer","DOID:2394","HOST2; lncRNA-HOST2"
"2507","U79277","breast cancer","DOID:1612","N/A"
"2508","AK024118","breast cancer","DOID:1612","N/A"
"2509","BC040204","breast cancer","DOID:1612","N/A"
"2510","AK000974","breast cancer","DOID:1612","N/A"
"2516","MT1DP","liver cancer","DOID:3571","MT1DP"
"2522","NEAT1","acute promyelocytic leukemia","DOID:0060318","LINC00084; NCRNA00084; TncRNA; VINC"
"2523","AC026166.2","laryngeal squamous cell carcinoma","DOID:2876","MTCO1P5"
"2524","RP11-169D4.1","laryngeal squamous cell carcinoma","DOID:2876","LINC01537"
"2525","LINC00582","endometrial cancer","DOID:1380","N/A"
"2528","LET","gallbladder cancer","DOID:3121","N/A"
"2529","H1.3","ovarian cancer","DOID:2394","N/A"
"2531","BC008363","pancreatic ductal adenocarcinoma","DOID:3498","N/A"
"2535","CCAT1","colon cancer","DOID:219","CARLo-5; onco-lncRNA-40"
"2537","RCCRT1","renal cell carcinoma","DOID:4450","N/A"
"2541","LOC283177","diffuse large B-cell lymphoma","DOID:0050745","N/A"
"2546","DIRC3","breast cancer","DOID:1612","N/A"
"2548","CCDC26","breast cancer","DOID:1612","RAM"
"2551","NCRUPAR","colorectal cancer","DOID:9256","NCRNA00193; ncR-uPAR"
"2552","LCAL1","lung cancer","DOID:1324","onco-lncRNA-27"
"2553","ZNRD1-AS1","hepatocellular carcinoma","DOID:684","N/A"
"2555","LOC100132354","lung adenocarcinoma","DOID:3910","N/A"
"2557","RP11-325I22.2","lung adenocarcinoma","DOID:3910","LINC01511"
"2558","LOC440905","lung adenocarcinoma","DOID:3910","N/A"
"2559","HOTAIR","atypical teratoid rhabdoid tumor","DOID:2129","HOXAS; HOXC-AS4; HOXC11-AS1; NCRNA00072"
"2562","SNAR","colon cancer","DOID:219","N/A"
"2566","91H","colorectal cancer","DOID:9256","N/A"
"2567","AF118081","lung cancer","DOID:1324","N/A"
"2568","lnc-MBL2-4:3","tongue squamous cell carcinoma","DOID:0050865","N/A"
"2569","lnc-STXBP5-1","tongue squamous cell carcinoma","DOID:0050865","N/A"
"2578","CADM1-AS1","renal clear cell carcinoma","DOID:4467","N/A"
"2580","PCAT29","prostate cancer","DOID:10283","N/A"
"2581","CAI2","neuroblastoma","DOID:769","N/A"
"2582","MIR99AHG","myeloid leukemia","DOID:8692","C21orf34; C21orf35; LINC00478; MONC"
"2583","MIR100HG","myeloid leukemia","DOID:8692","AGD1; linc-NeD125; lncRNA-N2"
"2585","BC017743","hepatocellular carcinoma","DOID:684","N/A"
"2586","ENST00000395084","hepatocellular carcinoma","DOID:684","N/A"
"2587","ZNF674-AS1","hepatocellular carcinoma","DOID:684","N/A"
"2588","PRR26","hepatocellular carcinoma","DOID:684","C10orf108"
"2589","AK056988","hepatocellular carcinoma","DOID:684","N/A"
"2590","uc003yqb.1","hepatocellular carcinoma","DOID:684","N/A"
"2591","LINC01080","Alzheimer's disease","DOID:10652","TCONS_00021856"
"2594","URHC","hepatocellular carcinoma","DOID:684","N/A"
"2596","AK307796","colorectal cancer","DOID:9256","N/A"
"2597","ENST00000425785","colorectal cancer","DOID:9256","SEC63P1"
"2598","AK021444","colorectal cancer","DOID:9256","N/A"
"2599","HOXB-AS3","colorectal cancer","DOID:9256","N/A"
"2600","EBIC","cervical cancer","DOID:4362","N/A"
"2614","HOTAIR","gallbladder cancer","DOID:3121","HOXAS; HOXC-AS4; HOXC11-AS1; NCRNA00072"
"2617","HOTAIR","renal cell carcinoma","DOID:4450","HOXAS; HOXC-AS4; HOXC11-AS1; NCRNA00072"
"2629","H19","pancreatic cancer","DOID:1793","ASM; ASM1; BWS; D11S813E; LINC00008; NCRNA00008; WT2"
"2630","LINC-ROR","hepatocellular carcinoma","DOID:684","ROR; lincRNA-RoR"
"2633","MYCNUT","neuroblastoma","DOID:769","MYCNUN; lncUSMycN"
"2637","FOXCUT","oral squamous cell carcinoma","DOID:0050866","LINC01379; TCONS_00011636"
"2640","CASC22","breast cancer","DOID:1612","LINC01373; LincRNA-ENST00000515084; TCONS_00024290"
"2641","TCONS_00018278","hepatocellular carcinoma","DOID:684","N/A"
"2642","AK093543","hepatocellular carcinoma","DOID:684","N/A"
"2643","D16366","hepatocellular carcinoma","DOID:684","N/A"
"2644","ENST00000501583","hepatocellular carcinoma","DOID:684","N/A"
"2646","HIF1A-AS1","aortic aneurysm","DOID:3627","5'aHIF-1A; 5'aHIF1alpha"
"2651","BGLT3","chronic myeloid leukemia","DOID:8552","BGL3; LINC01083; lncRNA-BGL3"
"2667","AK123657","colorectal cancer","DOID:9256","N/A"
"2668","BX648207","colorectal cancer","DOID:9256","N/A"
"2669","BX649059","colorectal cancer","DOID:9256","N/A"
"2670","CAHM","colorectal cancer","DOID:9256","LINC00468"
"2680","lncRNA-CIR","osteoarthritis","DOID:8398","N/A"
"2688","CARL","myocardial infarction","DOID:5844","N/A"
"2693","PCNA-AS1","hepatocellular carcinoma","DOID:684","PCNA-AS; PCNAAS"
"2694","GAS5","mantle cell lymphoma","DOID:0050746","NCRNA00030; SNHG2"
"2708","LINC-ROR","endometrial cancer","DOID:1380","ROR; lincRNA-RoR"
"2709","LINC00467","neuroblastoma","DOID:769","C1orf97"
"2718","PCAT18","prostate cancer","DOID:10283","LINC01092"
"2724","HOTAIR","pituitary adenoma","DOID:3829","HOXAS; HOXC-AS4; HOXC11-AS1; NCRNA00072"
"2725","lincRNA1611","pancreatic ductal adenocarcinoma","DOID:3498","N/A"
"2726","Ppp3ca","pancreatic ductal adenocarcinoma","DOID:3498","N/A"
"2735","ZNF300P1","ovarian cancer","DOID:2394","ZNF300P1"
"2738","TC0101441","ovarian cancer","DOID:2394","N/A"
"2745","LOC391533","pre-eclampsia","DOID:10591","N/A"
"2746","LOC284100","pre-eclampsia","DOID:10591","N/A"
"2747","CEACAMP8","pre-eclampsia","DOID:10591","CEACAMP8"
"2751","OVAAL","ovarian cancer","DOID:2394","LINC01131; OVAL"
"2755","SPRY4-IT1","pre-eclampsia","DOID:10591","SPRIGHTLY"
"2759","PVT1","colorectal cancer","DOID:9256","LINC00079; MYC; NCRNA00079; onco-lncRNA-100"
"2761","TUC339","hepatocellular carcinoma","DOID:684","N/A"
"2774","DQ786227","lung cancer","DOID:1324","N/A"
"2775","AC068718.1","post-traumatic stress disorder","DOID:2055","LINC01090"
"2780","TUG1","melanoma","DOID:1909","LINC00080; NCRNA00080; TI-227H"
"2781","GAS5","pancreatic cancer","DOID:1793","NCRNA00030; SNHG2"
"2794","HOTAIR","melanoma","DOID:1909","HOXAS; HOXC-AS4; HOXC11-AS1; NCRNA00072"
"2800","CCAT2","colon cancer","DOID:219","LINC00873; NCCP1"
"2814","LUCAT1","lung cancer","DOID:1324","SCAL1"
"2819","MIR7-3HG","liver cancer","DOID:3571","C19orf30; Huh7; LINC00306; NCRNA00306; PGSF1; uc002mbe.2"
"2820","PCAT1","colorectal cancer","DOID:9256","PCA1; PCAT-1"
"2822","GAS5","renal cell carcinoma","DOID:4450","NCRNA00030; SNHG2"
"2823","Llme23","melanoma","DOID:1909","N/A"
"2825","PTCSC3","thyroid cancer","DOID:1781","N/A"
"2827","CK19","breast cancer","DOID:1612","N/A"
"2828","PVT1","B-cell lymphoma","DOID:707","LINC00079; MYC; NCRNA00079; onco-lncRNA-100"
"2853","RERT","hepatocellular carcinoma","DOID:684","N/A"
"2854","TUG1","bladder urothelial carcinoma","DOID:4006","LINC00080; NCRNA00080; TI-227H"
"2855","LINC00887","renal clear cell carcinoma","DOID:4467","HEIRCC"
"2856","X91348","renal clear cell carcinoma","DOID:4467","N/A"
"2857","BC029135","renal clear cell carcinoma","DOID:4467","N/A"
"2858","LOC389332","renal clear cell carcinoma","DOID:4467","N/A"
"2859","PVT1","multiple myeloma","DOID:9538","LINC00079; MYC; NCRNA00079; onco-lncRNA-100"
"2863","MVIH","hepatocellular carcinoma","DOID:684","N/A"
